codice scuola,scuola,categoria,indirizzo,codice via,telefono scuola,Unita Urbanistica,Quartiere,Municipio,I.S.A.,telefono direzione,fax,mail direzione
94,ALBERO D'ORO,NIDO D'INFANZIA COMUNALE,SAL NUOV NS SIGNORA MONTE 4  ,42940,10509791,44 S. Fruttuoso,S. FRUTTUOSO,3-BASSA VALBISAGNO,Segreteria Scuole Comunali Bassa Valbisagno,010 5579786/9787/6463,,uostbassavalbisagno@comune.genova.it
182,ALICE,NIDO D'INFANZIA COMUNALE,VIA ISOCORTE 0010 A,32060,10714786,21 Pontedecimo,PONTEDECIMO,5-VALPOLCEVERA,Segreteria Scuole Comunali Valpolcevera,105578922,,uostvalpolcevera@comune.genova.it
184,ARCOBALENO,NIDO D'INFANZIA COMUNALE,VIALE CENTURIONE BRACELLI 0001,15140,108329029,46 Ferreggiano,MARASSI,3-BASSA VALBISAGNO,Segreteria Scuole Comunali Bassa Valbisagno,010 5579786/9787/6463,,uostbassavalbisagno@comune.genova.it
185,OLEANDRO,NIDO D'INFANZIA COMUNALE,VIA BALBI 0083 R,3420,102541738,33 Prä,PRE - MOLO - MADDALENA,1-CENTRO EST,Segreteria Scuole Comunali Centro Est,010 5578452/454,,uostcentroest@comune.genova.it
186,CAMELOT,NIDO D'INFANZIA COMUNALE,VIA GIOVANNI BOINE 0032,6720,10210218,32 Oregina,OREGINA - LAGACCIO,1-CENTRO EST,Segreteria Scuole Comunali Centro Est,010 5578452/454,,uostcentroest@comune.genova.it
187,CANTAEGUA,NIDO D'INFANZIA COMUNALE,VIA MOGADISCIO 49 B ,38980,108366830,52 S. Eusebio,MOLASSANA,4-MEDIA VALBISAGNO,Segreteria Scuole Comunali Media Valbisagno,010/5578357/78358/78361,105578330,uostmediavalbisagno@comune.genova.it
188,SMERALDO,NIDO D'INFANZIA COMUNALE,VIA PIERO CALAMANDREI 0057,9910,10690923,2 Voltri,PRA',7-PONENTE,Segreteria Scuole Comunali Ponente,108171000,108171017,uostponente@comune.genova.it
191,CASTELLO RAGGIO,NIDO D'INFANZIA COMUNALE,VIA FEDERICO GATTORNO 6  ,28400,106511050,22 Cornigliano,CORNIGLIANO,6-MEDIO PONENTE,Segreteria Scuole Comunali Medio Ponente,105579307,105579310,uostmedioponente@comune.genova.it
192,CENTOFIORI,NIDO D'INFANZIA COMUNALE,VIA CARLO LINNEO 79  ,33910,107493378,15 Rivarolo,RIVAROLO,5-VALPOLCEVERA,Segreteria Scuole Comunali Valpolcevera,105578922,,uostvalpolcevera@comune.genova.it
194,EOLO,NIDO D'INFANZIA COMUNALE,VIA LEONARDO FEA 81  ,24600,10811685,48 Forte Quezzi,MARASSI,3-BASSA VALBISAGNO,Segreteria Scuole Comunali Bassa Valbisagno,010 5579786/9787/6463,,uostbassavalbisagno@comune.genova.it
195,GABBIANO,NIDO D'INFANZIA COMUNALE,PIAZZA VITT CONSIGLIERE 7  ,18610,106042342,10 S. Giovanni Battista,SESTRI,6-MEDIO PONENTE,Segreteria Scuole Comunali Medio Ponente,105579307,105579310,uostmedioponente@comune.genova.it
196,GIRASOLE,NIDO D'INFANZIA COMUNALE,PIAZZA ROMAGNOSI 2  ,54280,103514861,47 Marassi,MARASSI,3-BASSA VALBISAGNO,Segreteria Scuole Comunali Bassa Valbisagno,010 5579786/9787/6463,,uostbassavalbisagno@comune.genova.it
197,GIROTONDO,NIDO D'INFANZIA COMUNALE,VIA FRATELLI DI CORONATA 9  ,26980,106521149,13 Borzoli Est,RIVAROLO,5-VALPOLCEVERA,Segreteria Scuole Comunali Valpolcevera,105578922,,uostvalpolcevera@comune.genova.it
198,LILLIPUT,NIDO D'INFANZIA COMUNALE,VIA BOLOGNA 0021,6800,10233350,30 S. Teodoro,S. TEODORO,2-CENTRO OVEST,Segreteria Scuole Comunali Centro Ovest,0105578779 - 78782,,uostcentroovest@comune.genova.it
199,MONGOLFIERA,NIDO D'INFANZIA COMUNALE,VIA PAOLO RETI 25 B ,52860,10413266,25 S. Gaetano,SAMPIERDARENA,2-CENTRO OVEST,Segreteria Scuole Comunali Centro Ovest,0105578779 - 78782,,uostcentroovest@comune.genova.it
201,ERBA VOGLIO,NIDO D'INFANZIA COMUNALE,LARGO FRANCESCO CATTANEI 3  ,14550,10392508,67 Quarto,STURLA - QUARTO,9-LEVANTE,Segreteria Scuole Comunali Levante,0105574322 /392,,uostlevante@comune.genova.it
202,RONDINE,NIDO D'INFANZIA COMUNALE,PIAZZA STANISLAO SOLARI 3  ,58940,108311055,44 S. Fruttuoso,S. FRUTTUOSO,3-BASSA VALBISAGNO,Segreteria Scuole Comunali Bassa Valbisagno,010 5579786/9787/6463,,uostbassavalbisagno@comune.genova.it
203,SAN DONATO,NIDO D'INFANZIA COMUNALE,VICO DI MEZZAGALERA 5  ,38320,102467739,35 Molo,PRE - MOLO - MADDALENA,1-CENTRO EST,Segreteria Scuole Comunali Centro Est,010 5578452/454,,uostcentroest@comune.genova.it
204,SCOIATTOLO,NIDO D'INFANZIA COMUNALE,VIA MONTE PERTICA 11  ,40560,107455205,18 Bolzaneto,BOLZANETO,5-VALPOLCEVERA,Segreteria Scuole Comunali Valpolcevera,105578922,,uostvalpolcevera@comune.genova.it
205,FILASTROCCA,NIDO D'INFANZIA COMUNALE,VIA ANGELO SCRIBANTI 4  ,57400,10357801,61 S. Martino,S. MARTINO,8-MEDIO LEVANTE,Segreteria Scuole Comunali Medio Levante,0105579404/455,,uostmediolevante@comune.genova.it
207,VELIERO,NIDO D'INFANZIA COMUNALE,VIA SAN TOMASO D AQUINO 7  ,61460,106500416,9 Sestri,SESTRI,6-MEDIO PONENTE,Segreteria Scuole Comunali Medio Ponente,105579307,105579310,uostmedioponente@comune.genova.it
208,VILLA SAVORETTI,NIDO D'INFANZIA COMUNALE,VIALE BERNABO BREA 0067,5380,10387519,61 S. Martino,S. MARTINO,8-MEDIO LEVANTE,Segreteria Scuole Comunali Medio Levante,0105579404/455,,uostmediolevante@comune.genova.it
209,NUVOLA,NIDO D'INFANZIA COMUNALE,VIA PIERO CALAMANDREI 0057,9910,106133497,2 Voltri,VOLTRI,7-PONENTE,Segreteria Scuole Comunali Ponente,108171000,108171017,uostponente@comune.genova.it
446,FATA MORGANA,NIDO D'INFANZIA COMUNALE,VIA MEDAGLIE ORO LUNGANAV 2  ,37810,10314162,63 S. Giuliano,S. FRANCESCO D'ALBARO,8-MEDIO LEVANTE,Segreteria Scuole Comunali Medio Levante,0105579404/455,,uostmediolevante@comune.genova.it
471,SARZANO,NIDO D'INFANZIA COMUNALE,P.TTA NINFEO 30  ,42530,010 8691256,35 Molo,PRE - MOLO - MADDALENA,1-CENTRO EST,Segreteria Scuole Comunali Centro Est,010 5578452/454,,uostcentroest@comune.genova.it
485,VILLA STALDER,NIDO D'INFANZIA COMUNALE,VIA PRIARUGGIA 50  ,51420,103993366,68 Quartara,STURLA - QUARTO,9-LEVANTE,Segreteria Scuole Comunali Levante,0105574322 /392,,uostlevante@comune.genova.it
502,CICOGNA,NIDO D'INFANZIA COMUNALE,VIA PIACENZA 25  ,47420,108361005,51 Montesignano,MOLASSANA,4-MEDIA VALBISAGNO,Segreteria Scuole Comunali Media Valbisagno,010/5578357/78358/78361,105578330,uostmediavalbisagno@comune.genova.it
503,AQUILONE,NIDO D'INFANZIA COMUNALE,VIA SAN MARINO 219  ,36770,102423197,30 S. Teodoro,S. TEODORO,2-CENTRO OVEST,Segreteria Scuole Comunali Centro Ovest,0105578779 - 78782,,uostcentroovest@comune.genova.it
504,PORTO ANTICO,NIDO D'INFANZIA COMUNALE,CALATA MANDRACCIO 0011,35655,102462460,35 Molo,PRE - MOLO - MADDALENA,1-CENTRO EST,Segreteria Scuole Comunali Centro Est,010 5578452/454,,uostcentroest@comune.genova.it
506,ACQUARELLO,NIDO D'INFANZIA COMUNALE,VIA PIETRO BORSIERI 0011,7280,106442242,14 Certosa,RIVAROLO,5-VALPOLCEVERA,Segreteria Scuole Comunali Valpolcevera,105578922,,uostvalpolcevera@comune.genova.it
508,CASETTA DEGLI ORSACCHIOTTI,NIDO D'INFANZIA COMUNALE,VIA BOBBIO 68  ,6380,108394642,50 S. Pantaleo,STAGLIENO,4-MEDIA VALBISAGNO,Segreteria Scuole Comunali Media Valbisagno,010/5578357/78358/78361,105578330,uostmediavalbisagno@comune.genova.it
9505,LA FABBRICA DEI SOGNI,NIDO D'INFANZIA COMUNALE,VIA BOMBRINI 12  ,6860,010 8612065,26 Sampierdarena,SAMPIERDARENA,2-CENTRO OVEST,Segreteria Scuole Comunali Centro Ovest,0105578779 - 78782,,uostcentroovest@comune.genova.it
9542,LOMELLINI,NIDO D'INFANZIA COMUNALE,VIA LOMELLINI 7  ,34160,010-2465822,34 Maddalena,PRE - MOLO - MADDALENA,1-CENTRO EST,Segreteria Scuole Comunali Centro Est,010 5578452/454,,uostcentroest@comune.genova.it
9553,VILLA STALDER (Centro Bambini),NIDO D'INFANZIA COMUNALE,VIA LUIGI MANFREDI 0004 D,35680,010 8981141,68 Quartara,STURLA - QUARTO,9-LEVANTE,Segreteria Scuole Comunali Levante,0105574322 /392,,uostlevante@comune.genova.it
9694,PELLEGRINI,NIDO D'INFANZIA COMUNALE,VIA ANTONIO PELLEGRINI 0019,46540,108174133,24 Campasso,SAMPIERDARENA,2-CENTRO OVEST,Segreteria Scuole Comunali Centro Ovest,0105578779 - 78782,,uostcentroovest@comune.genova.it
1,COCCINELLA,SCUOLA INFANZIA COMUNALE,VIA BENEDETTO DA PORTO 0014 A,5120,10803454,55 Prato,STRUPPA,4-MEDIA VALBISAGNO,Segreteria Scuole Comunali Media Valbisagno,010/5578357/78358/78361,105578330,uostmediavalbisagno@comune.genova.it
2,CHIGHIZOLA,SCUOLA INFANZIA COMUNALE,VIA BARTOLOMEO CHIGHIZOLA 15  ,16780,10389416,66 Sturla,STURLA - QUARTO,9-LEVANTE,Segreteria Scuole Comunali Levante,0105574322 /392,,uostlevante@comune.genova.it
3,CA' DI VENTURA,SCUOLA INFANZIA COMUNALE,VIA SAN FELICE 0019 B,24680,108362951,53 Molassana,MOLASSANA,4-MEDIA VALBISAGNO,Segreteria Scuole Comunali Media Valbisagno,010/5578357/78358/78361,105578330,uostmediavalbisagno@comune.genova.it
4,BOCCADASSE,SCUOLA INFANZIA COMUNALE,VIA ALBERTO LIRI 9  ,33920,103623585,63 S. Giuliano,S. FRANCESCO D'ALBARO,8-MEDIO LEVANTE,Segreteria Scuole Comunali Medio Levante,0105579404/455,,uostmediolevante@comune.genova.it
5,AURORA,SCUOLA INFANZIA COMUNALE,VIA MARIO ROMAGNOLI 20  ,54270,10821713,45 Quezzi,MARASSI,3-BASSA VALBISAGNO,Segreteria Scuole Comunali Bassa Valbisagno,010 5579786/9787/6463,,uostbassavalbisagno@comune.genova.it
96,BORGO PILA,SCUOLA INFANZIA COMUNALE,VIA RIVALE 6 A ,53540,10592810,42 Brignole,FOCE,8-MEDIO LEVANTE,Segreteria Scuole Comunali Medio Levante,0105579404/455,,uostmediolevante@comune.genova.it
97,BERTONCINI,SCUOLA INFANZIA COMUNALE,CORSO FIRENZE 0079,25580,102722984,36 S.Nicola,CASTELLETTO,1-CENTRO EST,Segreteria Scuole Comunali Centro Est,010 5578452/454,,uostcentroest@comune.genova.it
98,ALBARO,SCUOLA INFANZIA COMUNALE,VIA MONTE ZOVETTO 7 A ,41000,10318182,62 Albaro,S. FRANCESCO D'ALBARO,8-MEDIO LEVANTE,Segreteria Scuole Comunali Medio Levante,0105579404/455,,uostmediolevante@comune.genova.it
139,DON BOSCO,SCUOLA INFANZIA COMUNALE,VIA CORONATA 50  ,19060,106518397,22 Cornigliano,CORNIGLIANO,6-MEDIO PONENTE,Segreteria Scuole Comunali Medio Ponente,105579307,105579310,uostmedioponente@comune.genova.it
140,FANTASIA,SCUOLA INFANZIA COMUNALE,CORSO LUIGI A MARTINETTI 129  ,37120,10412219,27 Belvedere,SAMPIERDARENA,2-CENTRO OVEST,Segreteria Scuole Comunali Centro Ovest,0105578779 - 78782,,uostcentroovest@comune.genova.it
141,FIRPO,SCUOLA INFANZIA COMUNALE,VIA D GAETANO STORACE 2  ,60200,106459262,25 S. Gaetano,SAMPIERDARENA,2-CENTRO OVEST,Segreteria Scuole Comunali Centro Ovest,0105578779 - 78782,,uostcentroovest@comune.genova.it
142,GABBIANO,SCUOLA INFANZIA COMUNALE,VIA LODI 4  ,34020,108362923,51 Montesignano,MOLASSANA,4-MEDIA VALBISAGNO,Segreteria Scuole Comunali Media Valbisagno,010/5578357/78358/78361,105578330,uostmediavalbisagno@comune.genova.it
143,GARBARINO,SCUOLA INFANZIA COMUNALE,VIA ASILO D.D.GARBARINO 0017,2880,10261677,30 S. Teodoro,S. TEODORO,2-CENTRO OVEST,Segreteria Scuole Comunali Centro Ovest,0105578779 - 78782,,uostcentroovest@comune.genova.it
144,GARRONE,SCUOLA INFANZIA COMUNALE,PIAZZETTA PIETRO CATTANEO 0001,14590,109814582,20 S. Quirico,PONTEDECIMO,5-VALPOLCEVERA,Segreteria Scuole Comunali Valpolcevera,105578922,,uostvalpolcevera@comune.genova.it
145,GLICINE,SCUOLA INFANZIA COMUNALE,VIA MOTTA 1  ,41480,10826414,48 Forte Quezzi,MARASSI,3-BASSA VALBISAGNO,Segreteria Scuole Comunali Bassa Valbisagno,010 5579786/9787/6463,,uostbassavalbisagno@comune.genova.it
146,GNECCO MASSA,SCUOLA INFANZIA COMUNALE,VIA ANTICA ROMANA QUINTO 130  ,51900,10322586,70 Quinto,NERVI - QUINTO - S. ILARIO,9-LEVANTE,Segreteria Scuole Comunali Levante,0105574322 /392,,uostlevante@comune.genova.it
147,GOVI,SCUOLA INFANZIA COMUNALE,VIA ANTONIO PELLEGRINI 7  ,46540,10460844,24 Campasso,SAMPIERDARENA,2-CENTRO OVEST,Segreteria Scuole Comunali Centro Ovest,0105578779 - 78782,,uostcentroovest@comune.genova.it
148,A'LANTERNA,SCUOLA INFANZIA COMUNALE,VIA CRAVASCO 7  ,20080,10690712,3 CÖ Nuova,PRA',7-PONENTE,Segreteria Scuole Comunali Ponente,108171000,108171017,uostponente@comune.genova.it
149,MADDALENA,SCUOLA INFANZIA COMUNALE,VIA LOMELLINI 0040 R,34160,102476604,33 Prä,PRE - MOLO - MADDALENA,1-CENTRO EST,Segreteria Scuole Comunali Centro Est,010 5578452/454,,uostcentroest@comune.genova.it
150,EMANUELE LUZZATI,SCUOLA INFANZIA COMUNALE,VIA GIACOMO MORESCO 3  ,41320,108392483,47 Marassi,MARASSI,3-BASSA VALBISAGNO,Segreteria Scuole Comunali Bassa Valbisagno,010 5579786/9787/6463,,uostbassavalbisagno@comune.genova.it
151,MAZZINI,SCUOLA INFANZIA COMUNALE,VIA LUIGI DOTTESIO 9  ,23140,106454958,28 S. Bartolomeo,SAMPIERDARENA,2-CENTRO OVEST,Segreteria Scuole Comunali Centro Ovest,0105578779 - 78782,,uostcentroovest@comune.genova.it
152,MIMOSA,SCUOLA INFANZIA COMUNALE,VIA MOGADISCIO 49  ,38980,108366597,52 S. Eusebio,MOLASSANA,4-MEDIA VALBISAGNO,Segreteria Scuole Comunali Media Valbisagno,010/5578357/78358/78361,105578330,uostmediavalbisagno@comune.genova.it
153,PETER PAN,SCUOLA INFANZIA COMUNALE,VIA ANTONIO SERTOLI 0007,58220,010 8360667,53 Molassana,MOLASSANA,4-MEDIA VALBISAGNO,Segreteria Scuole Comunali Media Valbisagno,010/5578357/78358/78361,105578330,uostmediavalbisagno@comune.genova.it
154,MONTALE,SCUOLA INFANZIA COMUNALE,VIA LEONARDO FEA 83  ,24600,10889555,48 Forte Quezzi,MARASSI,3-BASSA VALBISAGNO,Segreteria Scuole Comunali Bassa Valbisagno,010 5579786/9787/6463,,uostbassavalbisagno@comune.genova.it
155,MONTICELLI,SCUOLA INFANZIA COMUNALE,VIA ADAMO CENTURIONE 8  ,15100,10267822,31 Lagaccio,OREGINA - LAGACCIO,1-CENTRO EST,Segreteria Scuole Comunali Centro Est,010 5578452/454,,uostcentroest@comune.genova.it
157,MARIA BONDI,SCUOLA INFANZIA COMUNALE,PASSO COSTANZI 12  ,19910,10232454,32 Oregina,OREGINA - LAGACCIO,1-CENTRO EST,Segreteria Scuole Comunali Centro Est,010 5578452/454,,uostcentroest@comune.genova.it
158,EMMA VALLE,SCUOLA INFANZIA COMUNALE,SALITA LORENZO CAPPELLONI 1  ,11920,108171000,5 PrÖ,PRA',7-PONENTE,Segreteria Scuole Comunali Ponente,108171000,108171017,uostponente@comune.genova.it
159,PRIMAVERA,SCUOLA INFANZIA COMUNALE,PIAZZA VITTIME DI BOLOGNA 10  ,64930,107493196,15 Rivarolo,RIVAROLO,5-VALPOLCEVERA,Segreteria Scuole Comunali Valpolcevera,105578922,,uostvalpolcevera@comune.genova.it
160,TINA QUAGLIA,SCUOLA INFANZIA COMUNALE,VIA C AUGUSTO VECCHI 3  ,63420,10384495,67 Quarto,STURLA - QUARTO,9-LEVANTE,Segreteria Scuole Comunali Levante,0105574322 /392,,uostlevante@comune.genova.it
161,QUARTIERE CAMOSCIO,SCUOLA INFANZIA COMUNALE,VIALE CENTURIONE BRACELLI 61  ,15140,10826869,48 Forte Quezzi,MARASSI,3-BASSA VALBISAGNO,Segreteria Scuole Comunali Bassa Valbisagno,010 5579786/9787/6463,,uostbassavalbisagno@comune.genova.it
163,RIVAROLO,SCUOLA INFANZIA COMUNALE,PASSO TORBELLA 0012 B,61540,106423531,14 Certosa,RIVAROLO,5-VALPOLCEVERA,Segreteria Scuole Comunali Valpolcevera,105578922,,uostvalpolcevera@comune.genova.it
165,GUIDO ROSSA,SCUOLA INFANZIA COMUNALE,VIA FEDERICO GATTORNO 6  ,28400,106511095,22 Cornigliano,CORNIGLIANO,6-MEDIO PONENTE,Segreteria Scuole Comunali Medio Ponente,105579307,105579310,uostmedioponente@comune.genova.it
166,SAN DESIDERIO,SCUOLA INFANZIA COMUNALE,VIA AMEDEO CASABONA 3  ,13200,103450290,57 S. Desiderio,VALLE STURLA,9-LEVANTE,Segreteria Scuole Comunali Levante,0105574322 /392,,uostlevante@comune.genova.it
167,SAN FRUTTUOSO,SCUOLA INFANZIA COMUNALE,PIAZZA MANZONI 2  ,35860,105579732,43 S. Agata,S. FRUTTUOSO,3-BASSA VALBISAGNO,Segreteria Scuole Comunali Bassa Valbisagno,010 5579786/9787/6463,,uostbassavalbisagno@comune.genova.it
168,SAN LUIGI,SCUOLA INFANZIA COMUNALE,SALITA DI CARBONARA 65  ,12280,102512640,33 Prä,PRE - MOLO - MADDALENA,1-CENTRO EST,Segreteria Scuole Comunali Centro Est,010 5578452/454,,uostcentroest@comune.genova.it
169,SAN PIETRO,SCUOLA INFANZIA COMUNALE,VIA CESARE BATTISTI 0006,4660,103629835,63 S. Giuliano,S. FRANCESCO D'ALBARO,8-MEDIO LEVANTE,Segreteria Scuole Comunali Medio Levante,0105579404/455,,uostmediolevante@comune.genova.it
170,IL SOLE DEL MIRTO,SCUOLA INFANZIA COMUNALE,VIA FRANCESCO MONTEBRUNO 0005 C,40040,10885538,49 Parenzo,STAGLIENO,4-MEDIA VALBISAGNO,Segreteria Scuole Comunali Media Valbisagno,010/5578357/78358/78361,105578330,uostmediavalbisagno@comune.genova.it
172,VILLA BERNABO' BREA,SCUOLA INFANZIA COMUNALE,VIALE BERNABO BREA 0040,5380,10397845,61 S. Martino,S. MARTINO,8-MEDIO LEVANTE,Segreteria Scuole Comunali Medio Levante,0105579404/455,,uostmediolevante@comune.genova.it
173,VILLA DUFOUR,SCUOLA INFANZIA COMUNALE,VIA GEROLAMO BORDONE 0012,7060,106511110,22 Cornigliano,CORNIGLIANO,6-MEDIO PONENTE,Segreteria Scuole Comunali Medio Ponente,105579307,105579310,uostmedioponente@comune.genova.it
174,VILLA LETIZIA,SCUOLA INFANZIA COMUNALE,VIA GASPARE BUFFA 0002,8600,106136532,2 Voltri,VOLTRI,7-PONENTE,Segreteria Scuole Comunali Ponente,108171000,108171017,uostponente@comune.genova.it
176,VILLA SCIALLERO,SCUOLA INFANZIA COMUNALE,VIA ANTONIO NEGRO 6  ,42050,106045673,10 S. Giovanni Battista,SESTRI,6-MEDIO PONENTE,Segreteria Scuole Comunali Medio Ponente,105579307,105579310,uostmedioponente@comune.genova.it
177,VILLA STALDER,SCUOLA INFANZIA COMUNALE,VIA PRIARUGGIA 50  ,51420,10387569,68 Quartara,STURLA - QUARTO,9-LEVANTE,Segreteria Scuole Comunali Levante,0105574322 /392,,uostlevante@comune.genova.it
178,FOCE,SCUOLA INFANZIA COMUNALE,CORSO TORINO 58 A ,61580,10580719,41 Foce,FOCE,8-MEDIO LEVANTE,Segreteria Scuole Comunali Medio Levante,0105579404/455,,uostmediolevante@comune.genova.it
179,SANTA SOFIA,SCUOLA INFANZIA COMUNALE,VIA DI MASCHERONA 6  ,37380,102468327,35 Molo,PRE - MOLO - MADDALENA,1-CENTRO EST,Segreteria Scuole Comunali Centro Est,010 5578452/454,,uostcentroest@comune.genova.it
180,TOLLOT OCCIDENTALE,SCUOLA INFANZIA COMUNALE,SALITA DEGLI ANGELI 0062,1620,10252583,29 Angeli,S. TEODORO,2-CENTRO OVEST,Segreteria Scuole Comunali Centro Ovest,0105578779 - 78782,,uostcentroovest@comune.genova.it
181,TOLLOT ORIENTALE,SCUOLA INFANZIA COMUNALE,VIA VINCENZO RICCI 4  ,53020,10540241,39 S. Vincenzo,PORTORIA,1-CENTRO EST,Segreteria Scuole Comunali Centro Est,010 5578452/454,,uostcentroest@comune.genova.it
467,COLOMBO,SCUOLA INFANZIA COMUNALE,VIA APPARIZIONE 0018,2060,10381703,59 Borgoratti,VALLE STURLA,9-LEVANTE,Segreteria Scuole Comunali Levante,0105574322 /392,,uostlevante@comune.genova.it
501,RODARI,SCUOLA INFANZIA COMUNALE,VIA SAN FRUTTUOSO 74  ,27180,10503892,44 S. Fruttuoso,S. FRUTTUOSO,3-BASSA VALBISAGNO,Segreteria Scuole Comunali Bassa Valbisagno,010 5579786/9787/6463,,uostbassavalbisagno@comune.genova.it
505,ARCOBALENO,SCUOLA INFANZIA COMUNALE,VIA FRATELLI DI CORONATA 11  ,26980,106521407,13 Borzoli Est,RIVAROLO,5-VALPOLCEVERA,Segreteria Scuole Comunali Valpolcevera,105578922,,uostvalpolcevera@comune.genova.it
7003,INF. VIA FRATELLI CORONATA,SCUOLA INFANZIA STATALE,VIA FRATELLI DI CORONATA 11  ,26980,106511311,13 Borzoli Est,RIVAROLO,5-VALPOLCEVERA,IC BORZOLI,106501317,106501317,GEIC84100X@istruzione.it
7056,INF. CAPITINI,SCUOLA INFANZIA STATALE,VIA DEI MOLINUSSI 9  ,39340,107407076,16 Teglia,RIVAROLO,5-VALPOLCEVERA,IC TEGLIA,107407310,107407301,GEIC84200Q@istruzione.it
7059,INF. EMANUELA LOI,SCUOLA INFANZIA STATALE,VIA ASILO D.D.GARBARINO 0001,2880,102462801,30 S. Teodoro,S. TEODORO,2-CENTRO OVEST,IC SAN TEODORO,102470898,102462846,GEIC825002@istruzione.it
7063,INF. L'ISOLA CHE NON C'E',SCUOLA INFANZIA STATALE,VIA BOBBIO 0022,6380,10873577,49 Parenzo,STAGLIENO,4-MEDIA VALBISAGNO,IC MONTALDO,108392409,108393429,GEIC83000D@istruzione.it
7065,INF. CAVALLOTTI,SCUOLA INFANZIA STATALE,VIA FELICE CAVALLOTTI 10  ,14740,103629543,64 Lido,S. FRANCESCO D'ALBARO,8-MEDIO LEVANTE,IC STURLA,10387504,103071038,GEIC860009@istruzione.it
7067,INF. S. EUSEBIO,SCUOLA INFANZIA STATALE,VIA VAL TREBBIA 299  ,63230,108363418,52 S. Eusebio,MOLASSANA,4-MEDIA VALBISAGNO,IC STAGLIENO,108361519,108355641,GEIC824006@istruzione.it
7068,INF. VIA DEL COMMERCIO,SCUOLA INFANZIA STATALE,VIA DEL COMMERCIO 82 A ,18300,10321389,71 Nervi,NERVI - QUINTO - S. ILARIO,9-LEVANTE,IC QUINTO-NERVI,10321611,103200507,GEIC86300R@istruzione.it
7069,INF. VIA CALAMANDREI,SCUOLA INFANZIA STATALE,VIA PIERO CALAMANDREI 0057,9910,106197775,2 Voltri,VOLTRI,7-PONENTE,IC VOLTRI 2,0109897853/854,0109897853/854,GEIC83400r@istruzione.it
7070,INF. S. SIRO DI STRUPPA,SCUOLA INFANZIA STATALE,VIA DI CRETO 62  ,20220,10802731,54 Doria,STRUPPA,4-MEDIA VALBISAGNO,IC PRATO,10803427,10808626,GEIC82800D@istruzione.it
7071,INF. VIA DE VINCENZI,SCUOLA INFANZIA STATALE,VIA GIULIA DE VINCENZI 28  ,22340,108361955,51 Montesignano,MOLASSANA,4-MEDIA VALBISAGNO,IC SAN GOTTARDO,108362404,108361487,GEIC809004@istruzione.it
7072,INF. VIA FABBRICHE,SCUOLA INFANZIA STATALE,VIA DELLE FABBRICHE 189  ,24080,10639100,2 Voltri,VOLTRI,7-PONENTE,IC VOLTRI 1,106136565,106134246,GEIC81300Q@istruzione.it
7073,INF. FABRIZI,SCUOLA INFANZIA STATALE,VIA NICOLA FABRIZI 51  ,24100,103731084,68 Quartara,STURLA - QUARTO,9-LEVANTE,IC QUARTO,10394763,10394763,GEIC859005@istruzione.it
7074,INF. FASCIOTTI,SCUOLA INFANZIA STATALE,PIAZZA DURAZZO PALLAVICIN 0006,23360,107492649,15 Rivarolo,RIVAROLO,5-VALPOLCEVERA,IC RIVAROLO,107491301,107411390,GEIC84900E@istruzione.it
7075,INF. FUMAGALLI,SCUOLA INFANZIA STATALE,VIA VINCENZO MACULANO 14  ,34820,10232811,32 Oregina,OREGINA - LAGACCIO,1-CENTRO EST,IC LAGACCIO,10232942,10233417,GEIC82600t@istruzione.it
7076,INF. LE PRATOLINE,SCUOLA INFANZIA STATALE,VIA GRANARA 10  ,30860,106989447,8 Multedo,PEGLI,7-PONENTE,IC PEGLI,106981051,109970198,GEIC85000P@istruzione.it
7077,INF. VIA LAGACCIO,SCUOLA INFANZIA STATALE,VIA DEL LAGACCIO 30 A ,32380,10231675,31 Lagaccio,OREGINA - LAGACCIO,1-CENTRO EST,IC LAGACCIO,10232942,10233417,GEIC82600t@istruzione.it
7078,INF. VIA SCRIBANTI,SCUOLA INFANZIA STATALE,VIA ANGELO SCRIBANTI 2  ,57400,10357857,61 S. Martino,S. MARTINO,8-MEDIO LEVANTE,IC SAN MARTINO-BORGORATTI,103774911,10388336,GEIC862001@istruzione.it
7079,INF. BACIGALUPO,SCUOLA INFANZIA STATALE,VIA PAOLO RETI 23  ,52860,106454154,25 S. Gaetano,SAMPIERDARENA,2-CENTRO OVEST,IC SAMPIERDARENA,106459892,108601152,GEIC85100E@istruzione.it
7081,INF. DON ACCIAI,SCUOLA INFANZIA STATALE,VIA NAPOLI 46  ,41940,102425645,31 Lagaccio,OREGINA - LAGACCIO,1-CENTRO EST,IC LAGACCIO,10232942,10233417,GEIC82600t@istruzione.it
7082,INF. IL PRATONE,SCUOLA INFANZIA STATALE,LARGO FRANCESCO CATTANEI 3  ,14550,103992842,67 Quarto,STURLA - QUARTO,9-LEVANTE,IC QUARTO,10394763,10394763,GEIC859005@istruzione.it
7083,INF. VIA PIACENZA,SCUOLA INFANZIA STATALE,VIA PIACENZA 25  ,47420,108361455,51 Montesignano,MOLASSANA,4-MEDIA VALBISAGNO,IC SAN GOTTARDO,108362404,108361487,GEIC809004@istruzione.it
7084,INF. VIA DELLA PIGNA,SCUOLA INFANZIA STATALE,VIA DELLA PIGNA 11  ,48440,108366959,50 S. Pantaleo,STAGLIENO,4-MEDIA VALBISAGNO,IC STAGLIENO,108361519,108355641,GEIC824006@istruzione.it
7085,INF. IL DELFINO,SCUOLA INFANZIA STATALE,CALATA ANDALO DINEGRO 1  ,22460,102465428,33 Prä,PRE - MOLO - MADDALENA,1-CENTRO EST,IC MADDALENA - BERTANI,108391792,108399112,GEIC854002@istruzione.it
7086,INF. VIA OLIVIERI,SCUOLA INFANZIA STATALE,VIA ANGELO OLIVIERI 71  ,43540,10383770,58 Apparizione,VALLE STURLA,9-LEVANTE,IC SAN MARTINO-BORGORATTI,103774911,10388336,GEIC862001@istruzione.it
7087,INF. PIAZZA ROMAGNOSI,SCUOLA INFANZIA STATALE,P.ZZA G.DOM.ROMAGNOSI 2  ,54280,108395208,47 Marassi,MARASSI,3-BASSA VALBISAGNO,IC MARASSI,108393487,108399264,GEIC831009@istruzione.it
7088,INF. WALT DISNEY,SCUOLA INFANZIA STATALE,VIA S BARTOLOMEO FOSSATO 0079 B,4380,106459150,28 S. Bartolomeo,SAMPIERDARENA,2-CENTRO OVEST,IC BARABINO,10414052,106450891,GEIC85200A@istruzione.it
7089,INF. GIRASOLE,SCUOLA INFANZIA STATALE,VIA SAN GIOVANNI BATTISTA 36 A ,30000,106011507,10 S. Giovanni Battista,SESTRI,6-MEDIO PONENTE,IC SESTRI,106041589,106049235,GEIC83900X@istruzione.it
7090,INF. VIA TERPI,SCUOLA INFANZIA STATALE,VIA TERPI 24  ,61120,108361551,51 Montesignano,MOLASSANA,4-MEDIA VALBISAGNO,IC STAGLIENO,108361519,108355641,GEIC824006@istruzione.it
7092,INF. PIAZZA SARZANO,SCUOLA INFANZIA STATALE,PIAZZA DI SARZANO 14 A ,56440,102511773,35 Molo,PRE - MOLO - MADDALENA,1-CENTRO EST,IC CENTRO STORICO,10564668,10561118,GEIC80700c@istruzione.it
7093,INF. BAVARI,SCUOLA INFANZIA STATALE,VIA BENITO MERLANTI 0024,38170,103450327,56 Bavari,VALLE STURLA,9-LEVANTE,IC SAN MARTINO-BORGORATTI,103774911,10388336,GEIC862001@istruzione.it
7094,INF. PIAZZA SOLARI,SCUOLA INFANZIA STATALE,PIAZZA STANISLAO SOLARI 3  ,58940,10885380,44 S. Fruttuoso,S. FRUTTUOSO,3-BASSA VALBISAGNO,IC TERRALBA,10511085,010 506902,GEIC85500T@istruzione.it
7095,INF. VIA SOMMA,SCUOLA INFANZIA STATALE,VIA DONATO SOMMA 73  ,59060,10321680,71 Nervi,NERVI - QUINTO - S. ILARIO,9-LEVANTE,IC QUINTO-NERVI,10321611,103200507,GEIC86300R@istruzione.it
7096,INF. OTTO MARZO,SCUOLA INFANZIA STATALE,VIA TEGLIA 2 C ,60940,010 8994691,16 Teglia,RIVAROLO,5-VALPOLCEVERA,IC TEGLIA,107407310,107407301,GEIC84200Q@istruzione.it
7097,INF. JEAN PIAGET,SCUOLA INFANZIA STATALE,VIA NINO CERVETTO 42  ,15380,106515219,22 Cornigliano,CORNIGLIANO,6-MEDIO PONENTE,IC CORNIGLIANO,106515219,106513517,GEIC83600C@istruzione.it
7098,INF. A. SPINOLA,SCUOLA INFANZIA STATALE,VIA NAPOLI 2  ,41940,102722110,31 Lagaccio,OREGINA - LAGACCIO,1-CENTRO EST,IC OREGINA,10214291,10218328,GEIC811004@istruzione.it
7099,INF. LA VITA E' BELLA,SCUOLA INFANZIA STATALE,VIA SAN BARTOLOMEO ARMENI 0001,4340,10884357,39 S. Vincenzo,PORTORIA,1-CENTRO EST,IC MADDALENA - BERTANI,108391792,108399112,GEIC854002@istruzione.it
7100,INF. VIA BERTANI,SCUOLA INFANZIA STATALE,VIA AGOSTINO BERTANI 0007,5620,10814143,38 Manin,CASTELLETTO,1-CENTRO EST,IC CASTELLETTO,102722375,102725332,GEIC853006@istruzione.it
7102,INF. XXV APRILE,SCUOLA INFANZIA STATALE,VIA SIGISMONDO MUSCOLA 23  ,41880,106501317,11 Calcinara,SESTRI,6-MEDIO PONENTE,IC BORZOLI,106501317,106501317,GEIC84100X@istruzione.it
7103,INF. VIA ARIOSTO,SCUOLA INFANZIA STATALE,VIA LODOVICO ARIOSTO 0001,2600,10466572,14 Certosa,RIVAROLO,5-VALPOLCEVERA,IC CERTOSA,106444937,106444937,GEIC840004@istruzione.it
7105,INF. PICCOLO PRINCIPE,SCUOLA INFANZIA STATALE,VIA DONGHI 8  ,22940,10512451,44 S. Fruttuoso,S. FRUTTUOSO,3-BASSA VALBISAGNO,IC SAN FRUTTUOSO,10352712,105220210,GEIC808008@istruzione.it
7117,INF. VIA BRANEGA,SCUOLA INFANZIA STATALE,VIA BRANEGA 0010 D,7820,10661905,4 Palmaro,PRA',7-PONENTE,IC PRA',10660474,106972328,GEIC83500l@istruzione.it
7118,INF. VIA DA CORTE,SCUOLA INFANZIA STATALE,VICO NICOLO DA CORTE 2  ,42340,106133457,2 Voltri,VOLTRI,7-PONENTE,IC VOLTRI 1,106136565,106134246,GEIC81300Q@istruzione.it
7120,INF. NUVOLA OLGA,SCUOLA INFANZIA STATALE,VIA AURELIANO GALEAZZO 26  ,27530,10511951,44 S. Fruttuoso,S. FRUTTUOSO,3-BASSA VALBISAGNO,IC SAN FRUTTUOSO,10352712,105220210,GEIC808008@istruzione.it
7123,INF. PIAZZA S.MARIA VIA LATA,SCUOLA INFANZIA STATALE,P.ZZA S.MARIA IN VIA LATA 12  ,36540,10561946,40 Carignano,PORTORIA,1-CENTRO EST,IC CENTRO STORICO,10564668,10561118,GEIC80700c@istruzione.it
7127,INF. VIA GINESTRATO,SCUOLA INFANZIA STATALE,VIA GINESTRATO 0013,29660,10822320,45 Quezzi,MARASSI,3-BASSA VALBISAGNO,IC QUEZZI,10821394,108460700,GEIC833001@istruzione.it
7128,INF. MARY POPPINS,SCUOLA INFANZIA STATALE,PIAZZALE PAUL VALERY 9  ,63086,108392359,49 Parenzo,STAGLIENO,4-MEDIA VALBISAGNO,IC MONTALDO,108392409,108393429,GEIC83000D@istruzione.it
7129,INF. FANTASIA,SCUOLA INFANZIA STATALE,VIA ISOCORTE 1 B ,32060,10714564,21 Pontedecimo,PONTEDECIMO,5-VALPOLCEVERA,IC PONTEDECIMO,10714564,10714248,GEIC816007@istruzione.it
7131,INF. TORRE PILOTI MOLO GIANO,SCUOLA INFANZIA STATALE,VIA BOLOGNA 0006 A,6800,10256580,29 Angeli,S. TEODORO,2-CENTRO OVEST,IC SAN TEODORO,102470898,102462846,GEIC825002@istruzione.it
7132,INF. GIOVINE ITALIA,SCUOLA INFANZIA STATALE,VIA ANTONIO BURLANDO 0001,8780,108461599,49 Parenzo,STAGLIENO,4-MEDIA VALBISAGNO,IC BURLANDO,108461599,10812933,GEIC829009@istruzione.it
7133,INF. VIA BOTTINI,SCUOLA INFANZIA STATALE,VIA BOTTINI 0043,7700,103733382,66 Sturla,STURLA - QUARTO,9-LEVANTE,IC STURLA,10387504,103071038,GEIC860009@istruzione.it
7134,INF. VIA BOLOGNA,SCUOLA INFANZIA STATALE,VIA BOLOGNA 0086,6800,102428355,30 S. Teodoro,S. TEODORO,2-CENTRO OVEST,IC SAN FRANCESCO DA PAOLA,102428355,10232845,GEIC81200x@istruzione.it
7135,INF. ALICE NEL PAESE DELLE MERAVIGLIE,SCUOLA INFANZIA STATALE,PIAZZA GIOVANNI MARTINEZ 2  ,37140,10512792,43 S. Agata,S. FRUTTUOSO,3-BASSA VALBISAGNO,IC TERRALBA,10511085,010 506902,GEIC85500T@istruzione.it
7143,INF. MONTEGRAPPA,SCUOLA INFANZIA STATALE,VIA SAN MARINO 219  ,36770,102423198,30 S. Teodoro,S. TEODORO,2-CENTRO OVEST,IC SAN FRANCESCO DA PAOLA,102428355,10232845,GEIC81200x@istruzione.it
7145,INF. VIALE MODUGNO,SCUOLA INFANZIA STATALE,VIALE GIORGIO MODUGNO 20  ,38940,106974490,7 Pegli,PEGLI,7-PONENTE,IC PEGLI,106981051,109970198,GEIC85000P@istruzione.it
7149,INF. PAPA GIOVANNI XXIII,SCUOLA INFANZIA STATALE,PIAZZA GALILEO FERRARIS 4  ,24880,108393487,46 Ferreggiano,MARASSI,3-BASSA VALBISAGNO,IC MARASSI,108393487,108399264,GEIC831009@istruzione.it
7150,INF. VIA OPISSO,SCUOLA INFANZIA STATALE,VIA GIOVANNI OPISSO 37  ,43790,106981225,7 Pegli,PEGLI,7-PONENTE,IC PEGLI,106981051,109970198,GEIC85000P@istruzione.it
7151,INF. VIA SCRIBANTI (SUCCURSALE),SCUOLA INFANZIA STATALE,SALITA SUPERIORE NOCE 78  ,42600,103778094,61 S. Martino,S. MARTINO,8-MEDIO LEVANTE,IC SAN MARTINO-BORGORATTI,103774911,10388336,GEIC862001@istruzione.it
7155,INF. PEZZANI,SCUOLA INFANZIA STATALE,VIA SANT ALBERTO 0018,880,106500683,10 S. Giovanni Battista,SESTRI,6-MEDIO PONENTE,IC SESTRI,106041589,106049235,GEIC83900X@istruzione.it
7160,INF. ANDERSEN,SCUOLA INFANZIA STATALE,VIA DEI LANDI 19  ,32580,10468433,25 S. Gaetano,SAMPIERDARENA,2-CENTRO OVEST,IC SAMPIERDARENA,106459892,108601152,GEIC85100E@istruzione.it
7175,INF. NUOVA CANTINA,SCUOLA INFANZIA STATALE,VIA MARTIRI DEL TURCHINO 99  ,37240,10693191,3 CÖ Nuova,PRA',7-PONENTE,IC VOLTRI 2,0109897853/854,0109897853/854,GEIC83400r@istruzione.it
7178,INF. D'ERAMO,SCUOLA INFANZIA STATALE,VIA PRIARUGGIA 12  ,51420,103770182,68 Quartara,STURLA - QUARTO,9-LEVANTE,IC QUARTO,10394763,10394763,GEIC859005@istruzione.it
7186,INF. DORIA,SCUOLA INFANZIA STATALE,VIA STRUPPA 148  ,60280,108301781,54 Doria,STRUPPA,4-MEDIA VALBISAGNO,IC PRATO,10803427,10808626,GEIC82800D@istruzione.it
7193,INF. RADICE,SCUOLA INFANZIA STATALE,VIA GIACOMO BOERO 0075,6620,103762321,60 Chiappetto,S. MARTINO,8-MEDIO LEVANTE,IC SAN MARTINO-BORGORATTI,103774911,10388336,GEIC862001@istruzione.it
7198,INF. SAN PAOLO,SCUOLA INFANZIA STATALE,VIA FRANCESCA S CABRINI 0002,8960,108683368,37 Castelletto,CASTELLETTO,1-CENTRO EST,IC CASTELLETTO,102722375,102725332,GEIC853006@istruzione.it
7200,INF. VIA BURLANDO,SCUOLA INFANZIA STATALE,VIA ANTONIO BURLANDO 0048,8780,108376503,50 S. Pantaleo,STAGLIENO,4-MEDIA VALBISAGNO,IC BURLANDO,108461599,10812933,GEIC829009@istruzione.it
7203,INF. NEMO,SCUOLA INFANZIA STATALE,VIA CIALLI 9  ,16960,106981090,7 Pegli,PEGLI,7-PONENTE,IC PEGLI,106981051,109970198,GEIC85000P@istruzione.it
7204,INF. VIA SANT'ELIA,SCUOLA INFANZIA STATALE,VIA ANTONIO SANT ELIA 108  ,56040,106502785,11 Calcinara,SESTRI,6-MEDIO PONENTE,IC SESTRI EST,106531858,106515147,GEIC837008@istruzione.it
7205,INF. XVI GIUGNO,SCUOLA INFANZIA STATALE,VIA S MARIA DELLA COSTA 37  ,36390,106042351,10 S. Giovanni Battista,SESTRI,6-MEDIO PONENTE,IC SAN GIOVANNI BATTISTA,106045331,106045565,GEIC838004@istruzione.it
7206,INF. VILLA BANFI,SCUOLA INFANZIA STATALE,VIA PEGLI 39  ,46460,10662908,6 Castelluccio,PEGLI,7-PONENTE,IC PEGLI,106981051,109970198,GEIC85000P@istruzione.it
9315,INF. CAVALLOTTI (SUCCURSALE),SCUOLA INFANZIA STATALE,VIA VITTORINO ERA 1 A ,23720,10387504,66 Sturla,STURLA - QUARTO,9-LEVANTE,IC STURLA,10387504,103071038,GEIC860009@istruzione.it
9318,INF. BONFIENI JOLANDA,SCUOLA INFANZIA STATALE,PIAZZA RICCARDO RISSOTTO 2  ,53480,107404634,18 Bolzaneto,BOLZANETO,5-VALPOLCEVERA,IC BOLZANETO,107455058,107455183,GEIC82300A@istruzione.it
9320,INF. VILLA PARODI,SCUOLA INFANZIA STATALE,VIA VADO 0039 A,63040,106018889,9 Sestri,SESTRI,6-MEDIO PONENTE,IC SESTRI,106041589,106049235,GEIC83900X@istruzione.it
9529,INF. ACQUASANTA,SCUOLA INFANZIA STATALE,PIAZZA CHIESA ACQUASANTA 7  ,16140,10638139,2 Voltri,VOLTRI,7-PONENTE,IC VOLTRI 1,106136565,106134246,GEIC81300Q@istruzione.it
9570,INF. CREVARI (sez. stacc. INF. V. DA CORTE),SCUOLA INFANZIA STATALE,VIA PISSAPAOLA 0048,48900,106139010,1 Crevari,VOLTRI,7-PONENTE,IC VOLTRI 1,106136565,106134246,GEIC81300Q@istruzione.it
9647,INF. CA' DI VENTURA - STATO,SCUOLA INFANZIA STATALE,VIA SAN FELICE 0019,24680,108380857,53 Molassana,MOLASSANA,4-MEDIA VALBISAGNO,IC MOLASSANA,010 8361174,010 8590709,GEIC82700N@istruzione.it
9648,SEZIONE OSPEDALIERA - OSPEDALE GASLINI - INFANZIA,SCUOLA INFANZIA STATALE,VIA CINQUE MAGGIO 0039 R,17360,10387504,67 Quarto,STURLA - QUARTO,9-LEVANTE,IC STURLA,10387504,103071038,GEIC860009@istruzione.it
9002,RICHERI,SCUOLA PRIMARIA STATALE,VIA ALBERTO LIRI 9  ,33920,10314050,63 S. Giuliano,S. FRANCESCO D'ALBARO,8-MEDIO LEVANTE,IC ALBARO,103623668,103106294,GEIC86400L@istruzione.it
9003,DUE GIUGNO,SCUOLA PRIMARIA STATALE,VIA FRATELLI DI CORONATA 11  ,26980,106511311,13 Borzoli Est,RIVAROLO,5-VALPOLCEVERA,IC BORZOLI,106501317,106501317,GEIC84100X@istruzione.it
9005,CANTORE,SCUOLA PRIMARIA STATALE,VIA PAOLO RETI 23  ,52860,106469316,25 S. Gaetano,SAMPIERDARENA,2-CENTRO OVEST,IC SAMPIERDARENA,106459892,108601152,GEIC85100E@istruzione.it
9007,JESSIE MARIO,SCUOLA PRIMARIA STATALE,VIA APPARIZIONE 0016,2060,10382726,59 Borgoratti,VALLE STURLA,9-LEVANTE,IC SAN MARTINO-BORGORATTI,103774911,10388336,GEIC862001@istruzione.it
9028,BALL,SCUOLA PRIMARIA STATALE,SALITA COSTA DEI RATTI 6 A ,19460,108328471,48 Forte Quezzi,MARASSI,3-BASSA VALBISAGNO,IC QUEZZI,10821394,108460700,GEIC833001@istruzione.it
9035,DIAZ,SCUOLA PRIMARIA STATALE,VIA CESARE BATTISTI 0006,4660,103620028,63 S. Giuliano,S. FRANCESCO D'ALBARO,8-MEDIO LEVANTE,IC FOCE,10562737,10542100,GEIC861005@istruzione.it
9046,SBARBARO,SCUOLA PRIMARIA STATALE,VIA GEROLAMO BORDONE 0012,7060,106513028,22 Cornigliano,CORNIGLIANO,6-MEDIO PONENTE,IC CORNIGLIANO,106515219,106513517,GEIC83600C@istruzione.it
9050,CANEPA,SCUOLA PRIMARIA STATALE,VIA PISSAPAOLA 48  ,48900,106139010,1 Crevari,VOLTRI,7-PONENTE,IC VOLTRI 1,106136565,106134246,GEIC81300Q@istruzione.it
9053,VOLTRI DUE,SCUOLA PRIMARIA STATALE,VIA PIERO CALAMANDREI 0057 B,9910,106133869,2 Voltri,VOLTRI,7-PONENTE,IC VOLTRI 2,0109897853/854,0109897853/854,GEIC83400r@istruzione.it
9054,SAURO,SCUOLA PRIMARIA STATALE,VIA MEDAGLIE ORO LUNGANAV 2  ,37810,103629990,63 S. Giuliano,S. FRANCESCO D'ALBARO,8-MEDIO LEVANTE,IC ALBARO,103623668,103106294,GEIC86400L@istruzione.it
9056,VILLA SANGUINETI,SCUOLA PRIMARIA STATALE,VIA DEI MOLINUSSI 9  ,39340,107407076,16 Teglia,RIVAROLO,5-VALPOLCEVERA,IC TEGLIA,107407310,107407301,GEIC84200Q@istruzione.it
9059,CHIABRERA,SCUOLA PRIMARIA STATALE,VIA ASILO D.D.GARBARINO 0001,2880,10261725,30 S. Teodoro,S. TEODORO,2-CENTRO OVEST,IC SAN TEODORO,102470898,102462846,GEIC825002@istruzione.it
9065,GOVI,SCUOLA PRIMARIA STATALE,VIA FELICE CAVALLOTTI 12  ,14740,10311875,64 Lido,S. FRANCESCO D'ALBARO,8-MEDIO LEVANTE,IC STURLA,10387504,103071038,GEIC860009@istruzione.it
9067,SANT' EUSEBIO,SCUOLA PRIMARIA STATALE,VIA VAL TREBBIA 301  ,63230,108363418,52 S. Eusebio,MOLASSANA,4-MEDIA VALBISAGNO,IC STAGLIENO,108361519,108355641,GEIC824006@istruzione.it
9072,FABBRICHE,SCUOLA PRIMARIA STATALE,VIA DELLE FABBRICHE 189 B ,24080,10639017,2 Voltri,VOLTRI,7-PONENTE,IC VOLTRI 1,106136565,106134246,GEIC81300Q@istruzione.it
9073,FABRIZI,SCUOLA PRIMARIA STATALE,VIA NICOLA FABRIZI 51  ,24100,103742465,68 Quartara,STURLA - QUARTO,9-LEVANTE,IC QUARTO,10394763,10394763,GEIC859005@istruzione.it
9086,NOVARO,SCUOLA PRIMARIA STATALE,VIA ANGELO OLIVIERI 71  ,43540,10389321,58 Apparizione,VALLE STURLA,9-LEVANTE,IC SAN MARTINO-BORGORATTI,103774911,10388336,GEIC862001@istruzione.it
9088,SAN BARTOLOMEO FOSSATO,SCUOLA PRIMARIA STATALE,VIA S BARTOLOMEO FOSSATO 0079,4380,106469523,28 S. Bartolomeo,SAMPIERDARENA,2-CENTRO OVEST,IC BARABINO,10414052,106450891,GEIC85200A@istruzione.it
9093,GIOIOSA,SCUOLA PRIMARIA STATALE,VIA CASALE 11  ,13320,100898204,56 Bavari,VALLE STURLA,9-LEVANTE,IC SAN MARTINO-BORGORATTI,103774911,10388336,GEIC862001@istruzione.it
9095,MANFREDI,SCUOLA PRIMARIA STATALE,VIA DONATO SOMMA 73  ,59060,10321680,71 Nervi,NERVI - QUINTO - S. ILARIO,9-LEVANTE,IC QUINTO-NERVI,10321611,103200507,GEIC86300R@istruzione.it
9096,TEGLIA,SCUOLA PRIMARIA STATALE,VIA TEGLIA 2 B ,60940,107407310,16 Teglia,RIVAROLO,5-VALPOLCEVERA,IC TEGLIA,107407310,107407301,GEIC84200Q@istruzione.it
9098,SPINOLA,SCUOLA PRIMARIA STATALE,VIA NAPOLI 2  ,41940,10214462,31 Lagaccio,OREGINA - LAGACCIO,1-CENTRO EST,IC OREGINA,10214291,10218328,GEIC811004@istruzione.it
9101,ALIGHIERI,SCUOLA PRIMARIA STATALE,PIAZZA RICCARDO RISSOTTO 2  ,53480,107455058,18 Bolzaneto,BOLZANETO,5-VALPOLCEVERA,IC BOLZANETO,107455058,107455183,GEIC82300A@istruzione.it
9102,VENTICINQUE APRILE,SCUOLA PRIMARIA STATALE,VIA SIGISMONDO MUSCOLA 23  ,41880,106501317,11 Calcinara,SESTRI,6-MEDIO PONENTE,IC BORZOLI,106501317,106501317,GEIC84100X@istruzione.it
9103,ARIOSTO,SCUOLA PRIMARIA STATALE,VIA LODOVICO ARIOSTO 0001,2600,104551622,14 Certosa,RIVAROLO,5-VALPOLCEVERA,IC CERTOSA,106444937,106444937,GEIC840004@istruzione.it
9104,BARRILI,SCUOLA PRIMARIA STATALE,PIAZZA PALERMO 11  ,44860,103628402,42 Brignole,FOCE,8-MEDIO LEVANTE,IC FOCE,10562737,10542100,GEIC861005@istruzione.it
9105,CESARE BATTISTI,SCUOLA PRIMARIA STATALE,VIA DONGHI 10  ,22940,10505862,44 S. Fruttuoso,S. FRUTTUOSO,3-BASSA VALBISAGNO,IC SAN FRUTTUOSO,10352712,105220210,GEIC808008@istruzione.it
9106,BORSI,SCUOLA PRIMARIA STATALE,VIA FRATELLI CERVI 1  ,15390,10887968,48 Forte Quezzi,MARASSI,3-BASSA VALBISAGNO,IC QUEZZI,10821394,108460700,GEIC833001@istruzione.it
9107,BURLANDO,SCUOLA PRIMARIA STATALE,VIA ANTONIO BURLANDO 0048,8780,108461599,50 S. Pantaleo,STAGLIENO,4-MEDIA VALBISAGNO,IC BURLANDO,108461599,10812933,GEIC829009@istruzione.it
9111,RODARI,SCUOLA PRIMARIA STATALE,P.ZZA G. DI VITTORIO 6  ,22570,106045618,10 S. Giovanni Battista,SESTRI,6-MEDIO PONENTE,IC SAN GIOVANNI BATTISTA,106045331,106045565,GEIC838004@istruzione.it
9112,CICALA,SCUOLA PRIMARIA STATALE,VIA RINALDO RIGOLA 50  ,53130,10256437,29 Angeli,S. TEODORO,2-CENTRO OVEST,IC SAN TEODORO,102470898,102462846,GEIC825002@istruzione.it
9113,DE SCALZI F.LLI POLACCO,SCUOLA PRIMARIA STATALE,VIA VINCENZO RICCI 8  ,53020,10564568,39 S. Vincenzo,PORTORIA,1-CENTRO EST,IC MADDALENA - BERTANI,108391792,108399112,GEIC854002@istruzione.it
9114,D'ALBERTIS,SCUOLA PRIMARIA STATALE,VIA GASPARE BUFFA 0036,8600,0109897853-54,2 Voltri,VOLTRI,7-PONENTE,IC VOLTRI 2,0109897853/854,0109897853/854,GEIC83400r@istruzione.it
9115,DANEO,SCUOLA PRIMARIA STATALE,VIA DELLA CONCEZIONE 2  ,18420,102477056,34 Maddalena,PRE - MOLO - MADDALENA,1-CENTRO EST,IC MADDALENA - BERTANI,108391792,108399112,GEIC854002@istruzione.it
9116,DA PASSANO,SCUOLA PRIMARIA STATALE,VIA LEONARDO MONTALDO 8  ,39860,108392409,49 Parenzo,STAGLIENO,4-MEDIA VALBISAGNO,IC MONTALDO,108392409,108393429,GEIC83000D@istruzione.it
9117,MONTANELLA,SCUOLA PRIMARIA STATALE,VIA BRANEGA 0010 D,7820,10662008,4 Palmaro,PRA',7-PONENTE,IC PRA',10660474,106972328,GEIC83500l@istruzione.it
9118,DE AMICIS VOLTRI,SCUOLA PRIMARIA STATALE,VICO NICOLO DA CORTE 2  ,42340,106122849,2 Voltri,VOLTRI,7-PONENTE,IC VOLTRI 1,106136565,106134246,GEIC81300Q@istruzione.it
9119,DIECI DICEMBRE,SCUOLA PRIMARIA STATALE,VIA VINCENZO MACULANO 14  ,34820,10233339,32 Oregina,OREGINA - LAGACCIO,1-CENTRO EST,IC LAGACCIO,10232942,10233417,GEIC82600t@istruzione.it
9120,DODICI OTTOBRE,SCUOLA PRIMARIA STATALE,VIA AURELIANO GALEAZZO 26  ,27530,10506665,44 S. Fruttuoso,S. FRUTTUOSO,3-BASSA VALBISAGNO,IC SAN FRUTTUOSO,10352712,105220210,GEIC808008@istruzione.it
9121,DON BOSCO,SCUOLA PRIMARIA STATALE,VIA CORONATA 48  ,19060,106517642,22 Cornigliano,CORNIGLIANO,6-MEDIO PONENTE,IC CORNIGLIANO,106515219,106513517,GEIC83600C@istruzione.it
9122,DUCA DEGLI ABRUZZI,SCUOLA PRIMARIA STATALE,VIA ADAMO CENTURIONE 19  ,15100,10252155,31 Lagaccio,OREGINA - LAGACCIO,1-CENTRO EST,IC LAGACCIO,10232942,10233417,GEIC82600t@istruzione.it
9123,EMBRIACO,SCUOLA PRIMARIA STATALE,P.ZZA S.MARIA IN VIA LATA 12  ,36540,10564668,40 Carignano,PORTORIA,1-CENTRO EST,IC CENTRO STORICO,10564668,10561118,GEIC80700c@istruzione.it
9124,FERMI,SCUOLA PRIMARIA STATALE,PIAZZA DUCA DEGLI ABRUZZI 6 A ,23240,103726403,71 Nervi,NERVI - QUINTO - S. ILARIO,9-LEVANTE,IC QUINTO-NERVI,10321611,103200507,GEIC86300R@istruzione.it
9125,FERRERO,SCUOLA PRIMARIA STATALE,VIA NINO CERVETTO 42  ,15380,106515219,22 Cornigliano,CORNIGLIANO,6-MEDIO PONENTE,IC CORNIGLIANO,106515219,106513517,GEIC83600C@istruzione.it
9126,FOGLIETTA,SCUOLA PRIMARIA STATALE,VIA URSONE DA SESTRI 5  ,62960,106531858,9 Sestri,SESTRI,6-MEDIO PONENTE,IC SESTRI EST,106531858,106515147,GEIC837008@istruzione.it
9127,FONTANAROSSA,SCUOLA PRIMARIA STATALE,VIA GINESTRATO 11  ,29660,10821394,45 Quezzi,MARASSI,3-BASSA VALBISAGNO,IC QUEZZI,10821394,108460700,GEIC833001@istruzione.it
9128,ANNA FRANK,SCUOLA PRIMARIA STATALE,PIAZZALE PAUL VALERY 9  ,63086,104042318,49 Parenzo,STAGLIENO,4-MEDIA VALBISAGNO,IC MONTALDO,108392409,108393429,GEIC83000D@istruzione.it
9129,GALLINO,SCUOLA PRIMARIA STATALE,VIA ISOCORTE 1 B ,32060,10714564,21 Pontedecimo,PONTEDECIMO,5-VALPOLCEVERA,IC PONTEDECIMO,10714564,10714248,GEIC816007@istruzione.it
9130,GARAVENTA - DON A. GALLO,SCUOLA PRIMARIA STATALE,VICO DI MEZZAGALERA 0004,38320,102472527,35 Molo,PRE - MOLO - MADDALENA,1-CENTRO EST,IC CENTRO STORICO,10564668,10561118,GEIC80700c@istruzione.it
9131,GARIBALDI,SCUOLA PRIMARIA STATALE,VIA BOLOGNA 0006 A,6800,102470898,29 Angeli,S. TEODORO,2-CENTRO OVEST,IC SAN TEODORO,102470898,102462846,GEIC825002@istruzione.it
9132,GIOVINE ITALIA,SCUOLA PRIMARIA STATALE,VIA LEONARDO MONTALDO 61  ,39860,108461599,49 Parenzo,STAGLIENO,4-MEDIA VALBISAGNO,IC BURLANDO,108461599,10812933,GEIC829009@istruzione.it
9133,GIUSTINIANI,SCUOLA PRIMARIA STATALE,VIA BOTTINI 0043,7700,10387437,66 Sturla,STURLA - QUARTO,9-LEVANTE,IC STURLA,10387504,103071038,GEIC860009@istruzione.it
9134,MAMELI,SCUOLA PRIMARIA STATALE,VIA BOLOGNA 0086,6800,010 2428355,30 S. Teodoro,S. TEODORO,2-CENTRO OVEST,IC SAN FRANCESCO DA PAOLA,102428355,10232845,GEIC81200x@istruzione.it
9135,MARCONI,SCUOLA PRIMARIA STATALE,PIAZZA GIOVANNI MARTINEZ 2  ,37140,10500791,43 S. Agata,S. FRUTTUOSO,3-BASSA VALBISAGNO,IC TERRALBA,10511085,010 506902,GEIC85500T@istruzione.it
9136,SALGARI,SCUOLA PRIMARIA STATALE,SALITA SAN BARBORINO 0009,3960,10416388,27 Belvedere,SAMPIERDARENA,2-CENTRO OVEST,IC BARABINO,10414052,106450891,GEIC85200A@istruzione.it
9137,MARIO MAZZA,SCUOLA PRIMARIA STATALE,VIA NAPOLI 60  ,41940,10232942,31 Lagaccio,OREGINA - LAGACCIO,1-CENTRO EST,IC LAGACCIO,10232942,10233417,GEIC82600t@istruzione.it
9138,MAZZINI,SCUOLA PRIMARIA STATALE,LARGO PIETRO GOZZANO 1  ,30775,106469862,26 Sampierdarena,SAMPIERDARENA,2-CENTRO OVEST,IC BARABINO,10414052,106450891,GEIC85200A@istruzione.it
9139,G. MAZZINI,SCUOLA PRIMARIA STATALE,VIA LODI 4  ,34020,108361519,51 Montesignano,MOLASSANA,4-MEDIA VALBISAGNO,IC STAGLIENO,108361519,108355641,GEIC824006@istruzione.it
9140,MAZZINI  MARIA,SCUOLA PRIMARIA STATALE,CORSO FIRENZE 1  ,25580,102722375,37 Castelletto,CASTELLETTO,1-CENTRO EST,IC CASTELLETTO,102722375,102725332,GEIC853006@istruzione.it
9141,SANTULLO,SCUOLA PRIMARIA STATALE,VIA SAN FELICE 0019 A,24680,108360421,53 Molassana,MOLASSANA,4-MEDIA VALBISAGNO,IC MOLASSANA,010 8361174,010 8590709,GEIC82700N@istruzione.it
9143,MONTEGRAPPA,SCUOLA PRIMARIA STATALE,VIA SAN MARINO 221  ,36770,102423194,30 S. Teodoro,S. TEODORO,2-CENTRO OVEST,IC SAN FRANCESCO DA PAOLA,102428355,10232845,GEIC81200x@istruzione.it
9144,MONTESIGNANO,SCUOLA PRIMARIA STATALE,VIA TERPI 50  ,61120,108360774,51 Montesignano,MOLASSANA,4-MEDIA VALBISAGNO,IC STAGLIENO,108361519,108355641,GEIC824006@istruzione.it
9145,ADA NEGRI,SCUOLA PRIMARIA STATALE,VIALE GIORGIO MODUGNO 20  ,38940,106974490,7 Pegli,PEGLI,7-PONENTE,IC PEGLI,106981051,109970198,GEIC85000P@istruzione.it
9146,ANDERSEN,SCUOLA PRIMARIA STATALE,VIA MOGADISCIO 0067 C,38980,108352078,52 S. Eusebio,MOLASSANA,4-MEDIA VALBISAGNO,IC STAGLIENO,108361519,108355641,GEIC824006@istruzione.it
9147,PAGANINI,SCUOLA PRIMARIA STATALE,VIA MARTIRI DEL TURCHINO 40  ,37240,10693098,3 CÖ Nuova,PRA',7-PONENTE,IC VOLTRI 2,0109897853/854,0109897853/854,GEIC83400r@istruzione.it
9148,PALLI,SCUOLA PRIMARIA STATALE,VIA C AUGUSTO VECCHI 11  ,63420,10394763,67 Quarto,STURLA - QUARTO,9-LEVANTE,IC QUARTO,10394763,10394763,GEIC859005@istruzione.it
9149,PAPA GIOVANNI XXIII,SCUOLA PRIMARIA STATALE,PIAZZA GALILEO FERRARIS 4  ,24880,108393487,46 Ferreggiano,MARASSI,3-BASSA VALBISAGNO,IC MARASSI,108393487,108399264,GEIC831009@istruzione.it
9150,PASCOLI,SCUOLA PRIMARIA STATALE,VIA GIOVANNI OPISSO 37  ,43790,106981225,7 Pegli,PEGLI,7-PONENTE,IC PEGLI,106981051,109970198,GEIC85000P@istruzione.it
9151,PERASSO,SCUOLA PRIMARIA STATALE,SALITA SUPERIORE NOCE 78  ,42600,103778094,61 S. Martino,S. MARTINO,8-MEDIO LEVANTE,IC SAN MARTINO-BORGORATTI,103774911,10388336,GEIC862001@istruzione.it
9152,PASCOLI (PALLAVICINI),SCUOLA PRIMARIA STATALE,VIA IGNAZIO PALLAVICINI 3 A ,44960,106982691,7 Pegli,PEGLI,7-PONENTE,IC PEGLI,106981051,109970198,GEIC85000P@istruzione.it
9153,PRATO,SCUOLA PRIMARIA STATALE,VIA STRUPPA 214  ,60280,10803427,55 Prato,STRUPPA,4-MEDIA VALBISAGNO,IC PRATO,10803427,10808626,GEIC82800D@istruzione.it
9154,DE AMICIS,SCUOLA PRIMARIA STATALE,P.ZZA DURAZZO PALLAVICINI 6  ,23360,107491301,15 Rivarolo,RIVAROLO,5-VALPOLCEVERA,IC RIVAROLO,107491301,107411390,GEIC84900E@istruzione.it
9155,PEZZANI,SCUOLA PRIMARIA STATALE,VIA SANT ALBERTO 0018 A,880,010 6018256,10 S. Giovanni Battista,SESTRI,6-MEDIO PONENTE,IC SESTRI,106041589,106049235,GEIC83900X@istruzione.it
9156,SAN GIOVANNI BATTISTA,SCUOLA PRIMARIA STATALE,VIA ANDREA DEL SARTO 20  ,21940,106045331,10 S. Giovanni Battista,SESTRI,6-MEDIO PONENTE,IC SAN GIOVANNI BATTISTA,106045331,106045565,GEIC838004@istruzione.it
9157,SAN GOTTARDO,SCUOLA PRIMARIA STATALE,VIA GIULIA DE VINCENZI 30  ,22340,108355605,51 Montesignano,MOLASSANA,4-MEDIA VALBISAGNO,IC SAN GOTTARDO,108362404,108361487,GEIC809004@istruzione.it
9158,THOUAR - VILLINI,SCUOLA PRIMARIA STATALE,VIA VILLINI A NEGRONE 2 C ,64660,109814315,5 PrÖ,PRA',7-PONENTE,IC PRA',10660474,106972328,GEIC83500l@istruzione.it
9160,MONTALE (PRIMARIA STATALE),SCUOLA PRIMARIA STATALE,VIA DEI LANDI 19  ,32580,10415163,25 S. Gaetano,SAMPIERDARENA,2-CENTRO OVEST,IC SAMPIERDARENA,106459892,108601152,GEIC85100E@istruzione.it
9161,SOLARI,SCUOLA PRIMARIA STATALE,PIAZZA STANISLAO SOLARI 2  ,58940,10883043,44 S. Fruttuoso,S. FRUTTUOSO,3-BASSA VALBISAGNO,IC TERRALBA,10511085,010 506902,GEIC85500T@istruzione.it
9163,TAVIANI,SCUOLA PRIMARIA STATALE,CORSO LUIGI A MARTINETTI 77 G ,37120,10413324,27 Belvedere,SAMPIERDARENA,2-CENTRO OVEST,IC SAMPIERDARENA,106459892,108601152,GEIC85100E@istruzione.it
9164,THOUAR SEDE,SCUOLA PRIMARIA STATALE,VIA CESARE AIRAGHI 0009,640,10660474,5 PrÖ,PRA',7-PONENTE,IC PRA',10660474,106972328,GEIC83500l@istruzione.it
9165,TOMMASEO,SCUOLA PRIMARIA STATALE,VIA MARIO BOEDDU 0010,6610,106511613,11 Calcinara,SESTRI,6-MEDIO PONENTE,IC SESTRI EST,106531858,106515147,GEIC837008@istruzione.it
9169,FANCIULLI,SCUOLA PRIMARIA STATALE,VIALE CENTURIONE BRACELLI 59  ,15140,10826613,48 Forte Quezzi,MARASSI,3-BASSA VALBISAGNO,IC QUEZZI,10821394,108460700,GEIC833001@istruzione.it
9171,VERNAZZA,SCUOLA PRIMARIA STATALE,VIA VITTORINO ERA 1 B ,23720,10387504,66 Sturla,STURLA - QUARTO,9-LEVANTE,IC STURLA,10387504,103071038,GEIC860009@istruzione.it
9175,ALDO MORO,SCUOLA PRIMARIA STATALE,VIA MARTIRI DEL TURCHINO 99  ,37240,108570211,3 CÖ Nuova,PRA',7-PONENTE,IC VOLTRI 2,0109897853/854,0109897853/854,GEIC83400r@istruzione.it
9176,MORANTE,SCUOLA PRIMARIA STATALE,VIA CARLO LINNEO 232  ,33910,010 0981541,17 Begato,RIVAROLO,5-VALPOLCEVERA,IC TEGLIA,107407310,107407301,GEIC84200Q@istruzione.it
9178,D'ERAMO,SCUOLA PRIMARIA STATALE,VIA PRIARUGGIA 12  ,51420,10394583,68 Quartara,STURLA - QUARTO,9-LEVANTE,IC QUARTO,10394763,10394763,GEIC859005@istruzione.it
9179,GIANO GRILLO,SCUOLA PRIMARIA STATALE,SALITA DELLE BATTISTINE 0016,4680,108391792,37 Castelletto,CASTELLETTO,1-CENTRO EST,IC MADDALENA - BERTANI,108391792,108399112,GEIC854002@istruzione.it
9180,DOGE DA MURTA,SCUOLA PRIMARIA STATALE,PIAZZA CHIESA DI MURTA 5 A ,16380,107408659,18 Bolzaneto,BOLZANETO,5-VALPOLCEVERA,IC BOLZANETO,107455058,107455183,GEIC82300A@istruzione.it
9181,BRIGNOLE SALE,SCUOLA PRIMARIA STATALE,VIA MONTE ZOVETTO 7 A ,41000,103628848,62 Albaro,S. FRANCESCO D'ALBARO,8-MEDIO LEVANTE,IC ALBARO,103623668,103106294,GEIC86400L@istruzione.it
9182,ALFIERI,SCUOLA PRIMARIA STATALE,VIA PIETRO ROSTAN 7  ,55000,106671463,8 Multedo,PEGLI,7-PONENTE,IC SESTRI,106041589,106049235,GEIC83900X@istruzione.it
9186,DORIA,SCUOLA PRIMARIA STATALE,VIA STRUPPA 148  ,60280,10809009,54 Doria,STRUPPA,4-MEDIA VALBISAGNO,IC PRATO,10803427,10808626,GEIC82800D@istruzione.it
9188,GIANELLI,SCUOLA PRIMARIA STATALE,VIA MARIO MASTRANGELO 2  ,37620,103200361,70 Quinto,NERVI - QUINTO - S. ILARIO,9-LEVANTE,IC QUINTO-NERVI,10321611,103200507,GEIC86300R@istruzione.it
9193,RADICE,SCUOLA PRIMARIA STATALE,VIA GIACOMO BOERO 0075,6620,10391268,60 Chiappetto,S. MARTINO,8-MEDIO LEVANTE,IC SAN MARTINO-BORGORATTI,103774911,10388336,GEIC862001@istruzione.it
9194,DA VERAZZANO,SCUOLA PRIMARIA STATALE,VIA ANGELO GIANELLI 49  ,29420,103726162,70 Quinto,NERVI - QUINTO - S. ILARIO,9-LEVANTE,IC QUINTO-NERVI,10321611,103200507,GEIC86300R@istruzione.it
9195,SACRO CUORE,SCUOLA PRIMARIA STATALE,VIA ANGELO SCIACCALUGA 4  ,57120,10396303,67 Quarto,STURLA - QUARTO,9-LEVANTE,IC QUARTO,10394763,10394763,GEIC859005@istruzione.it
9198,SAN PAOLO,SCUOLA PRIMARIA STATALE,VIA FRANCESCA S CABRINI 0002,8960,102722225,37 Castelletto,CASTELLETTO,1-CENTRO EST,IC CASTELLETTO,102722375,102725332,GEIC853006@istruzione.it
9206,VILLA BANFI,SCUOLA PRIMARIA STATALE,VIA PEGLI 39  ,46460,10662869,6 Castelluccio,PEGLI,7-PONENTE,IC PEGLI,106981051,109970198,GEIC85000P@istruzione.it
9210,SAN DESIDERIO,SCUOLA PRIMARIA STATALE,VIA AMEDEO CASABONA 5  ,13200,108594744,57 S. Desiderio,VALLE STURLA,9-LEVANTE,IC SAN MARTINO-BORGORATTI,103774911,10388336,GEIC862001@istruzione.it
9212,PINO SOPRANO,SCUOLA PRIMARIA STATALE,VIALE A PINO SOTTANO 20  ,48700,108365307,53 Molassana,MOLASSANA,4-MEDIA VALBISAGNO,IC MOLASSANA,010 8361174,010 8590709,GEIC82700N@istruzione.it
9213,SAN GIACOMO,SCUOLA PRIMARIA STATALE,VIA INFER. RIO MAGGIORE 1 B ,53270,108360337,53 Molassana,MOLASSANA,4-MEDIA VALBISAGNO,IC MOLASSANA,010 8361174,010 8590709,GEIC82700N@istruzione.it
9214,SAN SIRO,SCUOLA PRIMARIA STATALE,SALITA MADONNETTA DI STRU 0006,35000,10809174,54 Doria,STRUPPA,4-MEDIA VALBISAGNO,IC PRATO,10803427,10808626,GEIC82800D@istruzione.it
9291,ADA NEGRI (EX VILLA ROSA),SCUOLA PRIMARIA STATALE,VIALE GIORGIO MODUGNO 18  ,38940,106981056,7 Pegli,PEGLI,7-PONENTE,IC PEGLI,106981051,109970198,GEIC85000P@istruzione.it
9292,CONVITTO  NAZIONALE COLOMBO - PRIMARIA,SCUOLA PRIMARIA STATALE,VIA DINO BELLUCCI 0004,4960,102512421,33 Prä,PRE - MOLO - MADDALENA,1-CENTRO EST,IC CONVITTO NAZIONALE COLOMBO,102512421,102512408,GEVC010002@istruzione.it
9293,CARDUCCI,SCUOLA PRIMARIA STATALE,VIALE ERMELINDA RIGON 16  ,53135,106041589,9 Sestri,SESTRI,6-MEDIO PONENTE,IC SESTRI,106041589,106049235,GEIC83900X@istruzione.it
9530,MARIO EMANUELLI,SCUOLA PRIMARIA STATALE,VIA PEGLI 45  ,46460,010-6962324,6 Castelluccio,PEGLI,7-PONENTE,IC PEGLI,106981051,109970198,GEIC85000P@istruzione.it
9649,SEZIONE OSPEDALIERA - OSPEDALE GASLINI - PRIMARIA,SCUOLA PRIMARIA STATALE,VIA CINQUE MAGGIO 0039 R,17360,10387504,67 Quarto,STURLA - QUARTO,9-LEVANTE,IC STURLA,10387504,103071038,GEIC860009@istruzione.it
9718,CANTORE (ROLANDO),SCUOLA PRIMARIA STATALE,VIA CARLO ROLANDO 0012,54180,NULL,25 S. Gaetano,SAMPIERDARENA,2-CENTRO OVEST,IC SAMPIERDARENA,106459892,108601152,GEIC85100E@istruzione.it
519,GIUSEPPINA TOSCA BERCILLI (MARA),SECONDARIA I GRADO STATALE,VIA CARLO LINNEO 232  ,33910,107450431,17 Begato,RIVAROLO,5-VALPOLCEVERA,IC TEGLIA,107407310,107407301,GEIC84200Q@istruzione.it
8003,MEDIA BORZOLI - EX SUCC. CAFFARO,SECONDARIA I GRADO STATALE,VIA FRATELLI DI CORONATA 0009,26980,106521489,13 Borzoli Est,RIVAROLO,5-VALPOLCEVERA,IC BORZOLI,106501317,106501317,GEIC84100X@istruzione.it
8035,DORIA - PASCOLI (CESARE BATTISTI),SECONDARIA I GRADO STATALE,VIA CESARE BATTISTI 0006,4660,103623770,63 S. Giuliano,S. FRANCESCO D'ALBARO,8-MEDIO LEVANTE,IC FOCE,10562737,10542100,GEIC861005@istruzione.it
8053,MEDIA VOLTRI 2,SECONDARIA I GRADO STATALE,VIA PIERO CALAMANDREI 0057 B,9910,106136520,2 Voltri,VOLTRI,7-PONENTE,IC VOLTRI 2,0109897853/854,0109897853/854,GEIC83400r@istruzione.it
8096,MEDIA TEGLIA - EX SUCC. FOSCOLO,SECONDARIA I GRADO STATALE,VIA TEGLIA 2 C ,60940,107407288,16 Teglia,RIVAROLO,5-VALPOLCEVERA,IC TEGLIA,107407310,107407301,GEIC84200Q@istruzione.it
8117,ASSAROTTI,SECONDARIA I GRADO STATALE,VIA BRANEGA 0010 C,7820,10661759,4 Palmaro,PRA',7-PONENTE,IC PRA',10660474,106972328,GEIC83500l@istruzione.it
8130,BALIANO,SECONDARIA I GRADO STATALE,VICO DI MEZZAGALERA 0004,38320,104030388,35 Molo,PRE - MOLO - MADDALENA,1-CENTRO EST,IC CENTRO STORICO,10564668,10561118,GEIC80700c@istruzione.it
8139,LUCARNO (LODI),SECONDARIA I GRADO STATALE,VIA LODI 4  ,34020,108360678,51 Montesignano,MOLASSANA,4-MEDIA VALBISAGNO,IC STAGLIENO,108361519,108355641,GEIC824006@istruzione.it
8141,MEDIA MOLASSANA - EX D'AZEGLIO SUCCURSALE,SECONDARIA I GRADO STATALE,VIA SAN FELICE 19  ,24680,108361174,53 Molassana,MOLASSANA,4-MEDIA VALBISAGNO,IC MOLASSANA,010 8361174,010 8590709,GEIC82700N@istruzione.it
8143,NINO BIXIO (SAN MARINO),SECONDARIA I GRADO STATALE,VIA SAN MARINO 219  ,36770,102423196,30 S. Teodoro,S. TEODORO,2-CENTRO OVEST,IC SAN FRANCESCO DA PAOLA,102428355,10232845,GEIC81200x@istruzione.it
8146,LUCARNO (MOGADISCIO),SECONDARIA I GRADO STATALE,VIA MOGADISCIO 67 C ,38980,108353485,52 S. Eusebio,MOLASSANA,4-MEDIA VALBISAGNO,IC STAGLIENO,108361519,108355641,GEIC824006@istruzione.it
8149,LOMELLINI,SECONDARIA I GRADO STATALE,PIAZZA GALILEO FERRARIS 4 B ,24880,10870321,46 Ferreggiano,MARASSI,3-BASSA VALBISAGNO,IC MARASSI,108393487,108399264,GEIC831009@istruzione.it
8154,MEDIA RIVAROLO - EX FOSCOLO SEDE,SECONDARIA I GRADO STATALE,P.ZZA DURAZZO PALLAVICINI 6  ,23360,107491299,15 Rivarolo,RIVAROLO,5-VALPOLCEVERA,IC RIVAROLO,107491301,107411390,GEIC84900E@istruzione.it
8163,SAMPIERDARENA (MARTINETTI),SECONDARIA I GRADO STATALE,CORSO LUIGI A MARTINETTI 77 G ,37120,106469265,27 Belvedere,SAMPIERDARENA,2-CENTRO OVEST,IC SAMPIERDARENA,106459892,108601152,GEIC85100E@istruzione.it
8171,STROZZI,SECONDARIA I GRADO STATALE,VIA VITTORINO ERA 1  ,23720,103993213,66 Sturla,STURLA - QUARTO,9-LEVANTE,IC STURLA,10387504,103071038,GEIC860009@istruzione.it
8300,BARABINO (DASTE),SECONDARIA I GRADO STATALE,VIA NICOLO DASTE 8  ,21420,10411753,26 Sampierdarena,SAMPIERDARENA,2-CENTRO OVEST,IC BARABINO,10414052,106450891,GEIC85200A@istruzione.it
8301,DA PASSANO,SECONDARIA I GRADO STATALE,VIA GIULIA DE VINCENZI 26  ,22340,108362404,51 Montesignano,MOLASSANA,4-MEDIA VALBISAGNO,IC SAN GOTTARDO,108362404,108361487,GEIC809004@istruzione.it
8302,VOLTA,SECONDARIA I GRADO STATALE,VIA CORNIGLIANO 9  ,18920,106513550,22 Cornigliano,CORNIGLIANO,6-MEDIO PONENTE,IC CORNIGLIANO,106515219,106513517,GEIC83600C@istruzione.it
8303,DON MILANI,SECONDARIA I GRADO STATALE,SALITA DI CARBONARA 65 B ,12280,102512139,33 Prä,PRE - MOLO - MADDALENA,1-CENTRO EST,IC CONVITTO NAZIONALE COLOMBO,102512421,102512408,GEVC010002@istruzione.it
8304,EX GOVI - IC QUEZZI,SECONDARIA I GRADO STATALE,VIA PIERO PINETTI 68  ,48620,10826500,45 Quezzi,MARASSI,3-BASSA VALBISAGNO,IC QUEZZI,10821394,108460700,GEIC833001@istruzione.it
8306,BOCCANEGRA - ENRICO (REMONDINI),SECONDARIA I GRADO STATALE,PIAZZA MARCELLO REMONDINI 2  ,52740,103774911,61 S. Martino,S. MARTINO,8-MEDIO LEVANTE,IC SAN MARTINO-BORGORATTI,103774911,10388336,GEIC862001@istruzione.it
8307,SAMPIERDARENA (ROLANDO),SECONDARIA I GRADO STATALE,VIA CARLO ROLANDO 12  ,54180,106424680,25 S. Gaetano,SAMPIERDARENA,2-CENTRO OVEST,IC SAMPIERDARENA,106459892,108601152,GEIC85100E@istruzione.it
8309,DON ORENGO,SECONDARIA I GRADO STATALE,VIA CONI ZUGNA 2 B ,18560,107856166,21 Pontedecimo,PONTEDECIMO,5-VALPOLCEVERA,IC PONTEDECIMO,10714564,10714248,GEIC816007@istruzione.it
8310,SAMPIERDARENA (MONASTERO),SECONDARIA I GRADO STATALE,PIAZZA DEL MONASTERO 6  ,39580,106459892,26 Sampierdarena,SAMPIERDARENA,2-CENTRO OVEST,IC SAMPIERDARENA,106459892,108601152,GEIC85100E@istruzione.it
8311,RIZZO - ALESSI (PALLAVICINI),SECONDARIA I GRADO STATALE,VIA IGNAZIO PALLAVICINI 7  ,44960,106981360,7 Pegli,PEGLI,7-PONENTE,IC PEGLI,106981051,109970198,GEIC85000P@istruzione.it
8312,GRAMSCI,SECONDARIA I GRADO STATALE,VIA MARIO BOEDDU 0010,6610,106512567,11 Calcinara,SESTRI,6-MEDIO PONENTE,IC SESTRI EST,106531858,106515147,GEIC837008@istruzione.it
8313,DURAZZO (ANTICA ROMANA QUINTO),SECONDARIA I GRADO STATALE,VIA ANTICA ROMANA QUINTO 63 B ,51900,10321611,70 Quinto,NERVI - QUINTO - S. ILARIO,9-LEVANTE,IC QUINTO-NERVI,10321611,103200507,GEIC86300R@istruzione.it
8314,CANTORE (SECONDARIA 1¯ GR.),SECONDARIA I GRADO STATALE,CORSO ALES DE STEFANIS 56  ,22300,104076677,49 Parenzo,STAGLIENO,4-MEDIA VALBISAGNO,IC MONTALDO,108392409,108393429,GEIC83000D@istruzione.it
8315,CENTURIONE,SECONDARIA I GRADO STATALE,SALITA INFERIORE CATALDI 5  ,14490,106521272,9 Sestri,SESTRI,6-MEDIO PONENTE,IC SAN GIOVANNI BATTISTA,106045331,106045565,GEIC838004@istruzione.it
8316,GASTALDI,SECONDARIA I GRADO STATALE,SALITA DI OREGINA 40  ,43900,10214291,32 Oregina,OREGINA - LAGACCIO,1-CENTRO EST,IC OREGINA,10214291,10218328,GEIC811004@istruzione.it
8317,RIZZO - ALESSI (BONAVINO),SECONDARIA I GRADO STATALE,PIAZZA CRISTOFORO BONAVIN 0004 A,6940,106981051,7 Pegli,PEGLI,7-PONENTE,IC PEGLI,106981051,109970198,GEIC85000P@istruzione.it
8318,MEDIA SAN FRUTTUOSO,SECONDARIA I GRADO STATALE,VIA PASQUALE BERGHINI 0001,5360,10352712,44 S. Fruttuoso,S. FRUTTUOSO,3-BASSA VALBISAGNO,IC SAN FRUTTUOSO,10352712,105220210,GEIC808008@istruzione.it
8319,BARRILI - PAGANINI,SECONDARIA I GRADO STATALE,VIA MONTE ZOVETTO 7  ,41000,103623668,62 Albaro,S. FRANCESCO D'ALBARO,8-MEDIO LEVANTE,IC ALBARO,103623668,103106294,GEIC86400L@istruzione.it
8320,BERTANI (CABRINI),SECONDARIA I GRADO STATALE,VIA FRANCESCA S CABRINI 2  ,8960,10210308,37 Castelletto,CASTELLETTO,1-CENTRO EST,IC CASTELLETTO,102722375,102725332,GEIC853006@istruzione.it
8321,BOCCANEGRA - ENRICO (ROTONDA),SECONDARIA I GRADO STATALE,PIAZZA ROTONDA 2  ,55060,103732760,59 Borgoratti,VALLE STURLA,9-LEVANTE,IC SAN MARTINO-BORGORATTI,103774911,10388336,GEIC862001@istruzione.it
8323,CAMBIASO,SECONDARIA I GRADO STATALE,VIALE CENTURIONE BRACELLI 57  ,15140,10823370,48 Forte Quezzi,MARASSI,3-BASSA VALBISAGNO,IC QUEZZI,10821394,108460700,GEIC833001@istruzione.it
8324,BERTANI (BATTISTINE),SECONDARIA I GRADO STATALE,SALITA DELLE BATTISTINE 0012,4680,108391792,37 Castelletto,CASTELLETTO,1-CENTRO EST,IC MADDALENA - BERTANI,108391792,108399112,GEIC854002@istruzione.it
8326,RUFFINI (MONTALDO),SECONDARIA I GRADO STATALE,VIA LEONARDO MONTALDO 61  ,39860,10812933,49 Parenzo,STAGLIENO,4-MEDIA VALBISAGNO,IC BURLANDO,108461599,10812933,GEIC829009@istruzione.it
8327,BARABINO (CANTORE),SECONDARIA I GRADO STATALE,VIA ANTONIO CANTORE 29 B ,11640,106469320,27 Belvedere,SAMPIERDARENA,2-CENTRO OVEST,IC BARABINO,10414052,106450891,GEIC85200A@istruzione.it
8328,MEDIA QUARTO (EX STROZZI SUCC.),SECONDARIA I GRADO STATALE,VIA C AUGUSTO VECCHI 11  ,63420,10390704,67 Quarto,STURLA - QUARTO,9-LEVANTE,IC QUARTO,10394763,10394763,GEIC859005@istruzione.it
8329,DURAZZO (CASOTTI),SECONDARIA I GRADO STATALE,VIA ALDO CASOTTI 11  ,13780,103726010,71 Nervi,NERVI - QUINTO - S. ILARIO,9-LEVANTE,IC QUINTO-NERVI,10321611,103200507,GEIC86300R@istruzione.it
8330,ASSAROTTI - VILLA RATTO,SECONDARIA I GRADO STATALE,VIA SAPELLO 3  ,56180,10660479,5 PrÖ,PRA',7-PONENTE,IC PRA',10660474,106972328,GEIC83500l@istruzione.it
8331,RUFFINI (BURLANDO),SECONDARIA I GRADO STATALE,VIA ANTONIO BURLANDO 0054,8780,108376503,50 S. Pantaleo,STAGLIENO,4-MEDIA VALBISAGNO,IC BURLANDO,108461599,10812933,GEIC829009@istruzione.it
8335,ANSALDO,SECONDARIA I GRADO STATALE,SALITA EGEO 16  ,23480,106136565,2 Voltri,VOLTRI,7-PONENTE,IC VOLTRI 1,106136565,106134246,GEIC81300Q@istruzione.it
8336,DORIA - PASCOLI (BANDERALI),SECONDARIA I GRADO STATALE,VIA RICCARDO BANDERALI 0006,3720,10562737,42 Brignole,FOCE,8-MEDIO LEVANTE,IC FOCE,10562737,10542100,GEIC861005@istruzione.it
8338,CAFFARO,SECONDARIA I GRADO STATALE,VIA GAZ 3  ,28560,106444937,14 Certosa,RIVAROLO,5-VALPOLCEVERA,IC CERTOSA,106444937,106444937,GEIC840004@istruzione.it
9297,NINO BIXIO (GRANAROLO),SECONDARIA I GRADO STATALE,SALITA DI GRANAROLO 24  ,30920,102422933,30 S. Teodoro,S. TEODORO,2-CENTRO OVEST,IC SAN FRANCESCO DA PAOLA,102428355,10232845,GEIC81200x@istruzione.it
9300,CONVITTO NAZIONALE  COLOMBO - SEC 1¯ GRADO,SECONDARIA I GRADO STATALE,VIA DINO BELLUCCI 0004,4960,102512421,33 Prä,PRE - MOLO - MADDALENA,1-CENTRO EST,IC CONVITTO NAZIONALE COLOMBO,102512421,102512408,GEVC010002@istruzione.it
9301,DANTE ALIGHIERI,SECONDARIA I GRADO STATALE,VIA VADO 39  ,63040,010 6530069,9 Sestri,SESTRI,6-MEDIO PONENTE,IC SESTRI,106041589,106049235,GEIC83900X@istruzione.it
9302,MEDIA RIVAROLO - EX CAFFARO SUCC.,SECONDARIA I GRADO STATALE,PASSO TORBELLA 14  ,61540,106423527,14 Certosa,RIVAROLO,5-VALPOLCEVERA,IC RIVAROLO,107491301,107411390,GEIC84900E@istruzione.it
9304,GASLINI,SECONDARIA I GRADO STATALE,VIA BOLZANETO 0011,6820,107453521,18 Bolzaneto,BOLZANETO,5-VALPOLCEVERA,IC BOLZANETO,107455058,107455183,GEIC82300A@istruzione.it
9306,DORIA - PASCOLI (TORINO),SECONDARIA I GRADO STATALE,CORSO TORINO 60  ,61580,10581071,41 Foce,FOCE,8-MEDIO LEVANTE,IC FOCE,10562737,10542100,GEIC861005@istruzione.it
9307,GEROLAMO SERRA,SECONDARIA I GRADO STATALE,SALITA DI OREGINA 26 A ,43900,10210363,31 Lagaccio,OREGINA - LAGACCIO,1-CENTRO EST,IC OREGINA,10214291,10218328,GEIC811004@istruzione.it
9310,PARINI - MERELLO,SECONDARIA I GRADO STATALE,CORSO GALILEO GALILEI 7  ,27560,10506902,43 S. Agata,S. FRUTTUOSO,3-BASSA VALBISAGNO,IC TERRALBA,10511085,010 506902,GEIC85500T@istruzione.it
9317,DURAZZO (GIANELLI),SECONDARIA I GRADO STATALE,VIA ANGELO GIANELLI 49  ,29420,103726525,70 Quinto,NERVI - QUINTO - S. ILARIO,9-LEVANTE,IC QUINTO-NERVI,10321611,103200507,GEIC86300R@istruzione.it
9321,D'AZEGLIO PRATO,SECONDARIA I GRADO STATALE,SAL MADONNETTA DI STRUPPA 5  ,35000,104045697,54 Doria,STRUPPA,4-MEDIA VALBISAGNO,IC PRATO,10803427,10808626,GEIC82800D@istruzione.it
9322,MEDIA S. TEODORO (CHIABRERA),SECONDARIA I GRADO STATALE,VIA LAZZARO GAGLIARDO 2  ,27460,010 2475265,30 S. Teodoro,S. TEODORO,2-CENTRO OVEST,IC SAN TEODORO,102470898,102462846,GEIC825002@istruzione.it
9497,MEDIA BORZOLI - EX SUCC. VOLTA GRAMSCI,SECONDARIA I GRADO STATALE,VIA SIGISMONDO MUSCOLA 23  ,41880,106501317,11 Calcinara,SESTRI,6-MEDIO PONENTE,IC BORZOLI,106501317,106501317,GEIC84100X@istruzione.it
9517,BARABINO (GOZZANO),SECONDARIA I GRADO STATALE,LARGO PIETRO GOZZANO 3/A  ,30775,10414052,26 Sampierdarena,SAMPIERDARENA,2-CENTRO OVEST,IC BARABINO,10414052,106450891,GEIC85200A@istruzione.it
9543,MEDIA DUCA DEGLI ABRUZZI,SECONDARIA I GRADO STATALE,VIA ADAMO CENTURIONE 19  ,15100,10252155,31 Lagaccio,OREGINA - LAGACCIO,1-CENTRO EST,IC LAGACCIO,10232942,10233417,GEIC82600t@istruzione.it
9544,MEDIA MARIO MAZZA,SECONDARIA I GRADO STATALE,VIA NAPOLI 60  ,41940,10232942,31 Lagaccio,OREGINA - LAGACCIO,1-CENTRO EST,IC LAGACCIO,10232942,10233417,GEIC82600t@istruzione.it
9546,MEDIA S. TEODORO (GARIBALDI),SECONDARIA I GRADO STATALE,VIA BOLOGNA 6 A ,6800,102470898,29 Angeli,S. TEODORO,2-CENTRO OVEST,IC SAN TEODORO,102470898,102462846,GEIC825002@istruzione.it
9646,COLOMBO,SECONDARIA I GRADO STATALE,SALITA DI CARBONARA 0051 R,12280,102512660,33 Prä,PRE - MOLO - MADDALENA,1-CENTRO EST,IC CONVITTO NAZIONALE COLOMBO,102512421,102512408,GEVC010002@istruzione.it
9650,SEZIONE OSPEDALIERA - OSPEDALE GASLINI - SEC. 1¯ GRADO,SECONDARIA I GRADO STATALE,VIA CINQUE MAGGIO 0039 R,17360,10387504,67 Quarto,STURLA - QUARTO,9-LEVANTE,IC STURLA,10387504,103071038,GEIC860009@istruzione.it
9676,ALDO MORO EX QUASIMODO,SECONDARIA I GRADO STATALE,VIA MARTIRI DEL TURCHINO 0099,37240,108570211,3 CÖ Nuova,PRA',7-PONENTE,IC VOLTRI 2,0109897853/854,0109897853/854,GEIC83400r@istruzione.it
9688,BARABINO (SAN BARTOLOMEO DEL FOSSATO),SECONDARIA I GRADO STATALE,VIA S BARTOLOMEO FOSSATO 0079 B,4380,106469523,28 S. Bartolomeo,SAMPIERDARENA,2-CENTRO OVEST,IC BARABINO,10414052,106450891,GEIC85200A@istruzione.it
9662,GARBARINO SEZIONE PRIMAVERA,SEZIONI PRIMAVERA,VIA ASILO D.D.GARBARINO 0017,2880,10261677,30 S. Teodoro,S. TEODORO,2-CENTRO OVEST,Segreteria Scuole Comunali Centro Ovest,0105578779 - 78782,,uostcentroovest@comune.genova.it
9663,GARRONE SEZIONE PRIMAVERA,SEZIONI PRIMAVERA,PIAZZETTA PIETRO CATTANEO 0001,14590,109814582,20 S. Quirico,PONTEDECIMO,5-VALPOLCEVERA,Segreteria Scuole Comunali Valpolcevera,105578922,,uostvalpolcevera@comune.genova.it
9665,EMANUELE LUZZATI SEZIONE PRIMAVERA,SEZIONI PRIMAVERA,VIA GIACOMO MORESCO 0003,41320,108392483,47 Marassi,MARASSI,3-BASSA VALBISAGNO,Segreteria Scuole Comunali Bassa Valbisagno,010 5579786/9787/6463,,uostbassavalbisagno@comune.genova.it
9666,PETER PAN SEZIONE PRIMAVERA,SEZIONI PRIMAVERA,VIA ANTONIO SERTOLI 0007,58220,108360667,53 Molassana,MOLASSANA,4-MEDIA VALBISAGNO,Segreteria Scuole Comunali Media Valbisagno,010/5578357/78358/78361,105578330,uostmediavalbisagno@comune.genova.it
9669,RODARI SEZIONE PRIMAVERA,SEZIONI PRIMAVERA,VIA SAN FRUTTUOSO 0074,27180,10503892,44 S. Fruttuoso,S. FRUTTUOSO,3-BASSA VALBISAGNO,Segreteria Scuole Comunali Bassa Valbisagno,010 5579786/9787/6463,,uostbassavalbisagno@comune.genova.it
9670,MONTICELLI SEZIONE PRIMAVERA,SEZIONI PRIMAVERA,VIA ADAMO CENTURIONE 0008,15100,10267822,31 Lagaccio,OREGINA - LAGACCIO,1-CENTRO EST,Segreteria Scuole Comunali Centro Est,010 5578452/454,,uostcentroest@comune.genova.it
9671,AURORA SEZIONE PRIMAVERA,SEZIONI PRIMAVERA,VIA MARIO ROMAGNOLI 0020,54270,10821713,45 Quezzi,MARASSI,3-BASSA VALBISAGNO,Segreteria Scuole Comunali Bassa Valbisagno,010 5579786/9787/6463,,uostbassavalbisagno@comune.genova.it
9672,EMMA VALLE SEZIONE PRIMAVERA,SEZIONI PRIMAVERA,SALITA LORENZO CAPPELLONI 0001,11920,108171000,5 PrÖ,PRA',7-PONENTE,Segreteria Scuole Comunali Ponente,108171000,108171017,uostponente@comune.genova.it
9674,COLOMBO SEZIONE PRIMAVERA,SEZIONI PRIMAVERA,VIA APPARIZIONE 0018,2060,10381703,59 Borgoratti,VALLE STURLA,9-LEVANTE,Segreteria Scuole Comunali Levante,0105574322 /392,,uostlevante@comune.genova.it
9719,COCCINELLA SEZIONE PRIMAVERA,SEZIONI PRIMAVERA,VIA BENEDETTO DA PORTO 0014 A,5120,10803454,55 Prato,STRUPPA,4-MEDIA VALBISAGNO,Segreteria Scuole Comunali Media Valbisagno,010/5578357/78358/78361,105578330,uostmediavalbisagno@comune.genova.it
